utc,workload,mode,repeat,attempt,sample,utilization_percent,memory_used_mib,attempt_passed
2026-07-22T03:08:25.529199+00:00,normal,m3_route_on,1,1,1,14,6615,False
2026-07-22T03:08:25.529220+00:00,normal,m3_route_on,1,1,2,15,6615,False
2026-07-22T03:08:25.529227+00:00,normal,m3_route_on,1,1,3,22,6615,False
2026-07-22T03:08:25.529232+00:00,normal,m3_route_on,1,1,4,24,6615,False
2026-07-22T03:09:04.575855+00:00,normal,m3_route_on,1,2,1,20,6615,False
2026-07-22T03:09:04.575888+00:00,normal,m3_route_on,1,2,2,26,6615,False
2026-07-22T03:09:04.575894+00:00,normal,m3_route_on,1,2,3,8,6615,False
2026-07-22T03:09:04.575898+00:00,normal,m3_route_on,1,2,4,18,6615,False
2026-07-22T03:09:42.955583+00:00,normal,m3_route_on,1,3,1,21,6615,False
2026-07-22T03:09:42.955786+00:00,normal,m3_route_on,1,3,2,20,6615,False
2026-07-22T03:09:42.955801+00:00,normal,m3_route_on,1,3,3,21,6615,False
2026-07-22T03:09:42.955807+00:00,normal,m3_route_on,1,3,4,15,6615,False
2026-07-22T03:10:21.324316+00:00,normal,m3_route_on,1,4,1,23,6615,False
2026-07-22T03:10:21.324398+00:00,normal,m3_route_on,1,4,2,14,6615,False
2026-07-22T03:10:21.324409+00:00,normal,m3_route_on,1,4,3,16,6615,False
2026-07-22T03:10:21.324414+00:00,normal,m3_route_on,1,4,4,26,6615,False
2026-07-22T03:10:59.725492+00:00,normal,m3_route_on,1,5,1,20,6615,False
2026-07-22T03:10:59.725564+00:00,normal,m3_route_on,1,5,2,20,6615,False
2026-07-22T03:10:59.725586+00:00,normal,m3_route_on,1,5,3,25,6615,False
2026-07-22T03:10:59.725614+00:00,normal,m3_route_on,1,5,4,15,6615,False
2026-07-22T03:11:38.150495+00:00,normal,m3_route_on,1,6,1,10,6615,False
2026-07-22T03:11:38.150522+00:00,normal,m3_route_on,1,6,2,19,6615,False
2026-07-22T03:11:38.150528+00:00,normal,m3_route_on,1,6,3,22,6615,False
2026-07-22T03:11:38.150532+00:00,normal,m3_route_on,1,6,4,19,6615,False
2026-07-22T03:12:16.493192+00:00,normal,m3_route_on,1,7,1,18,6643,False
2026-07-22T03:12:16.493221+00:00,normal,m3_route_on,1,7,2,17,6639,False
2026-07-22T03:12:16.493230+00:00,normal,m3_route_on,1,7,3,8,6639,False
2026-07-22T03:12:16.493235+00:00,normal,m3_route_on,1,7,4,15,6639,False
2026-07-22T03:12:54.667379+00:00,normal,m3_route_on,1,8,1,7,6639,False
2026-07-22T03:12:54.667407+00:00,normal,m3_route_on,1,8,2,11,6639,False
2026-07-22T03:12:54.667413+00:00,normal,m3_route_on,1,8,3,20,6639,False
2026-07-22T03:12:54.667418+00:00,normal,m3_route_on,1,8,4,8,6639,False
2026-07-22T03:13:33.373834+00:00,normal,m3_route_on,1,9,1,7,6639,False
2026-07-22T03:13:33.373866+00:00,normal,m3_route_on,1,9,2,28,6639,False
2026-07-22T03:13:33.373872+00:00,normal,m3_route_on,1,9,3,26,6639,False
2026-07-22T03:13:33.373878+00:00,normal,m3_route_on,1,9,4,6,6639,False
2026-07-22T03:14:11.542332+00:00,normal,m3_route_on,1,10,1,18,6639,False
2026-07-22T03:14:11.542365+00:00,normal,m3_route_on,1,10,2,22,6639,False
2026-07-22T03:14:11.542371+00:00,normal,m3_route_on,1,10,3,5,6640,False
2026-07-22T03:14:11.542378+00:00,normal,m3_route_on,1,10,4,17,6640,False
2026-07-22T03:14:50.528733+00:00,normal,m3_route_on,1,11,1,28,6640,False
2026-07-22T03:14:50.528764+00:00,normal,m3_route_on,1,11,2,11,6640,False
2026-07-22T03:14:50.528770+00:00,normal,m3_route_on,1,11,3,19,6640,False
2026-07-22T03:14:50.528775+00:00,normal,m3_route_on,1,11,4,29,6640,False
2026-07-22T03:15:28.747927+00:00,normal,m3_route_on,1,12,1,8,6640,False
2026-07-22T03:15:28.747965+00:00,normal,m3_route_on,1,12,2,18,6640,False
2026-07-22T03:15:28.747976+00:00,normal,m3_route_on,1,12,3,8,6640,False
2026-07-22T03:15:28.747982+00:00,normal,m3_route_on,1,12,4,8,6640,False
2026-07-22T03:16:06.935176+00:00,normal,m3_route_on,1,13,1,17,6640,False
2026-07-22T03:16:06.935219+00:00,normal,m3_route_on,1,13,2,7,6640,False
2026-07-22T03:16:06.935236+00:00,normal,m3_route_on,1,13,3,14,6640,False
2026-07-22T03:16:06.935242+00:00,normal,m3_route_on,1,13,4,15,6640,False
2026-07-22T03:16:45.205389+00:00,normal,m3_route_on,1,14,1,15,6640,False
2026-07-22T03:16:45.205417+00:00,normal,m3_route_on,1,14,2,16,6640,False
2026-07-22T03:16:45.205424+00:00,normal,m3_route_on,1,14,3,25,6640,False
2026-07-22T03:16:45.205429+00:00,normal,m3_route_on,1,14,4,15,6640,False
2026-07-22T03:17:23.499506+00:00,normal,m3_route_on,1,15,1,8,6640,False
2026-07-22T03:17:23.499541+00:00,normal,m3_route_on,1,15,2,13,6640,False
2026-07-22T03:17:23.499554+00:00,normal,m3_route_on,1,15,3,13,6640,False
2026-07-22T03:17:23.499560+00:00,normal,m3_route_on,1,15,4,19,6644,False
2026-07-22T03:18:01.748103+00:00,normal,m3_route_on,1,16,1,17,6644,False
2026-07-22T03:18:01.748135+00:00,normal,m3_route_on,1,16,2,5,6644,False
2026-07-22T03:18:01.748142+00:00,normal,m3_route_on,1,16,3,17,6644,False
2026-07-22T03:18:01.748147+00:00,normal,m3_route_on,1,16,4,14,6644,False
2026-07-22T03:18:39.913942+00:00,normal,m3_route_on,1,17,1,14,6644,False
2026-07-22T03:18:39.913970+00:00,normal,m3_route_on,1,17,2,11,6644,False
2026-07-22T03:18:39.913977+00:00,normal,m3_route_on,1,17,3,14,6644,False
2026-07-22T03:18:39.913981+00:00,normal,m3_route_on,1,17,4,14,6644,False
2026-07-22T03:19:18.076351+00:00,normal,m3_route_on,1,18,1,17,6644,False
2026-07-22T03:19:18.076386+00:00,normal,m3_route_on,1,18,2,17,6644,False
2026-07-22T03:19:18.076393+00:00,normal,m3_route_on,1,18,3,14,6644,False
2026-07-22T03:19:18.076402+00:00,normal,m3_route_on,1,18,4,15,6644,False
2026-07-22T03:19:56.239040+00:00,normal,m3_route_on,1,19,1,17,6644,False
2026-07-22T03:19:56.239070+00:00,normal,m3_route_on,1,19,2,16,6644,False
2026-07-22T03:19:56.239076+00:00,normal,m3_route_on,1,19,3,14,6644,False
2026-07-22T03:19:56.239081+00:00,normal,m3_route_on,1,19,4,15,6644,False
2026-07-22T03:20:34.655255+00:00,normal,m3_route_on,1,20,1,14,6644,False
2026-07-22T03:20:34.655284+00:00,normal,m3_route_on,1,20,2,20,6644,False
2026-07-22T03:20:34.655291+00:00,normal,m3_route_on,1,20,3,36,6644,False
2026-07-22T03:20:34.655296+00:00,normal,m3_route_on,1,20,4,18,6644,False
2026-07-22T03:21:12.819197+00:00,normal,m3_route_on,1,21,1,15,6644,False
2026-07-22T03:21:12.819229+00:00,normal,m3_route_on,1,21,2,18,6644,False
2026-07-22T03:21:12.819236+00:00,normal,m3_route_on,1,21,3,16,6644,False
2026-07-22T03:21:12.819240+00:00,normal,m3_route_on,1,21,4,16,6644,False
2026-07-22T03:21:50.983178+00:00,normal,m3_route_on,1,22,1,17,6644,False
2026-07-22T03:21:50.983205+00:00,normal,m3_route_on,1,22,2,16,6644,False
2026-07-22T03:21:50.983212+00:00,normal,m3_route_on,1,22,3,16,6644,False
2026-07-22T03:21:50.983217+00:00,normal,m3_route_on,1,22,4,17,6644,False
2026-07-22T03:22:29.140607+00:00,normal,m3_route_on,1,23,1,16,6644,False
2026-07-22T03:22:29.140636+00:00,normal,m3_route_on,1,23,2,17,6644,False
2026-07-22T03:22:29.140643+00:00,normal,m3_route_on,1,23,3,15,6644,False
2026-07-22T03:22:29.140648+00:00,normal,m3_route_on,1,23,4,16,6644,False
2026-07-22T03:23:07.288002+00:00,normal,m3_route_on,1,24,1,8,6644,False
2026-07-22T03:23:07.288029+00:00,normal,m3_route_on,1,24,2,11,6644,False
2026-07-22T03:23:07.288036+00:00,normal,m3_route_on,1,24,3,11,6644,False
2026-07-22T03:23:07.288040+00:00,normal,m3_route_on,1,24,4,11,6644,False
2026-07-22T03:23:45.460594+00:00,normal,m3_route_on,1,25,1,13,6644,False
2026-07-22T03:23:45.460624+00:00,normal,m3_route_on,1,25,2,15,6644,False
2026-07-22T03:23:45.460630+00:00,normal,m3_route_on,1,25,3,8,6644,False
2026-07-22T03:23:45.460635+00:00,normal,m3_route_on,1,25,4,11,6644,False
2026-07-22T03:24:23.619414+00:00,normal,m3_route_on,1,26,1,16,6644,False
2026-07-22T03:24:23.619445+00:00,normal,m3_route_on,1,26,2,16,6644,False
2026-07-22T03:24:23.619451+00:00,normal,m3_route_on,1,26,3,16,6644,False
2026-07-22T03:24:23.619456+00:00,normal,m3_route_on,1,26,4,16,6644,False
2026-07-22T03:25:02.682316+00:00,normal,m3_route_on,1,27,1,8,6644,False
2026-07-22T03:25:02.682344+00:00,normal,m3_route_on,1,27,2,22,6644,False
2026-07-22T03:25:02.682350+00:00,normal,m3_route_on,1,27,3,0,6644,False
2026-07-22T03:25:02.682354+00:00,normal,m3_route_on,1,27,4,3,6644,False
2026-07-22T03:25:40.839335+00:00,normal,m3_route_on,1,28,1,9,6644,False
2026-07-22T03:25:40.839364+00:00,normal,m3_route_on,1,28,2,11,6644,False
2026-07-22T03:25:40.839370+00:00,normal,m3_route_on,1,28,3,8,6644,False
2026-07-22T03:25:40.839375+00:00,normal,m3_route_on,1,28,4,8,6644,False
2026-07-22T03:26:19.004988+00:00,normal,m3_route_on,1,29,1,11,6644,False
2026-07-22T03:26:19.005016+00:00,normal,m3_route_on,1,29,2,9,6644,False
2026-07-22T03:26:19.005023+00:00,normal,m3_route_on,1,29,3,8,6644,False
2026-07-22T03:26:19.005027+00:00,normal,m3_route_on,1,29,4,9,6644,False
2026-07-22T03:26:57.157794+00:00,normal,m3_route_on,1,30,1,14,6644,False
2026-07-22T03:26:57.157823+00:00,normal,m3_route_on,1,30,2,12,6644,False
2026-07-22T03:26:57.157829+00:00,normal,m3_route_on,1,30,3,11,6644,False
2026-07-22T03:26:57.157834+00:00,normal,m3_route_on,1,30,4,7,6644,False
2026-07-22T03:27:35.463319+00:00,normal,m3_route_on,1,31,1,14,6644,False
2026-07-22T03:27:35.463350+00:00,normal,m3_route_on,1,31,2,11,6644,False
2026-07-22T03:27:35.463357+00:00,normal,m3_route_on,1,31,3,6,6644,False
2026-07-22T03:27:35.463362+00:00,normal,m3_route_on,1,31,4,11,6644,False
2026-07-22T03:28:13.644312+00:00,normal,m3_route_on,1,32,1,14,6644,False
2026-07-22T03:28:13.644341+00:00,normal,m3_route_on,1,32,2,13,6644,False
2026-07-22T03:28:13.644348+00:00,normal,m3_route_on,1,32,3,17,6644,False
2026-07-22T03:28:13.644353+00:00,normal,m3_route_on,1,32,4,13,6644,False
2026-07-22T03:28:51.807459+00:00,normal,m3_route_on,1,33,1,13,6644,False
2026-07-22T03:28:51.807496+00:00,normal,m3_route_on,1,33,2,8,6644,False
2026-07-22T03:28:51.807508+00:00,normal,m3_route_on,1,33,3,8,6644,False
2026-07-22T03:28:51.807513+00:00,normal,m3_route_on,1,33,4,13,6644,False
2026-07-22T03:29:30.028297+00:00,normal,m3_route_on,1,34,1,13,6644,False
2026-07-22T03:29:30.028527+00:00,normal,m3_route_on,1,34,2,22,6644,False
2026-07-22T03:29:30.028697+00:00,normal,m3_route_on,1,34,3,18,6644,False
2026-07-22T03:29:30.028710+00:00,normal,m3_route_on,1,34,4,14,6644,False
2026-07-22T03:30:08.837440+00:00,normal,m3_route_on,1,35,1,23,6644,False
2026-07-22T03:30:08.837473+00:00,normal,m3_route_on,1,35,2,5,6644,False
2026-07-22T03:30:08.837481+00:00,normal,m3_route_on,1,35,3,19,6644,False
2026-07-22T03:30:08.837485+00:00,normal,m3_route_on,1,35,4,4,6644,False
2026-07-22T03:30:47.555569+00:00,normal,m3_route_on,1,36,1,19,6644,False
2026-07-22T03:30:47.555601+00:00,normal,m3_route_on,1,36,2,19,6644,False
2026-07-22T03:30:47.555607+00:00,normal,m3_route_on,1,36,3,21,6644,False
2026-07-22T03:30:47.555612+00:00,normal,m3_route_on,1,36,4,22,6644,False
2026-07-22T03:31:25.982887+00:00,normal,m3_route_on,1,37,1,18,6644,False
2026-07-22T03:31:25.982916+00:00,normal,m3_route_on,1,37,2,22,6644,False
2026-07-22T03:31:25.982923+00:00,normal,m3_route_on,1,37,3,19,6644,False
2026-07-22T03:31:25.982927+00:00,normal,m3_route_on,1,37,4,9,6644,False
2026-07-22T03:32:04.164179+00:00,normal,m3_route_on,1,38,1,11,6644,False
2026-07-22T03:32:04.164208+00:00,normal,m3_route_on,1,38,2,8,6644,False
2026-07-22T03:32:04.164215+00:00,normal,m3_route_on,1,38,3,13,6644,False
2026-07-22T03:32:04.164219+00:00,normal,m3_route_on,1,38,4,12,6644,False
2026-07-22T03:32:42.314228+00:00,normal,m3_route_on,1,39,1,16,6644,False
2026-07-22T03:32:42.314257+00:00,normal,m3_route_on,1,39,2,13,6644,False
2026-07-22T03:32:42.314264+00:00,normal,m3_route_on,1,39,3,15,6644,False
2026-07-22T03:32:42.314268+00:00,normal,m3_route_on,1,39,4,16,6644,False
2026-07-22T03:33:20.453931+00:00,normal,m3_route_on,1,40,1,16,6644,False
2026-07-22T03:33:20.453958+00:00,normal,m3_route_on,1,40,2,15,6644,False
2026-07-22T03:33:20.453970+00:00,normal,m3_route_on,1,40,3,15,6644,False
2026-07-22T03:33:20.453975+00:00,normal,m3_route_on,1,40,4,15,6644,False
2026-07-22T03:33:58.610206+00:00,normal,m3_route_on,1,41,1,13,6644,False
2026-07-22T03:33:58.610236+00:00,normal,m3_route_on,1,41,2,14,6644,False
2026-07-22T03:33:58.610243+00:00,normal,m3_route_on,1,41,3,15,6644,False
2026-07-22T03:33:58.610248+00:00,normal,m3_route_on,1,41,4,16,6644,False
2026-07-22T03:34:36.775307+00:00,normal,m3_route_on,1,42,1,16,6644,False
2026-07-22T03:34:36.775335+00:00,normal,m3_route_on,1,42,2,15,6644,False
2026-07-22T03:34:36.775341+00:00,normal,m3_route_on,1,42,3,12,6644,False
2026-07-22T03:34:36.775345+00:00,normal,m3_route_on,1,42,4,13,6644,False
2026-07-22T03:35:14.917204+00:00,normal,m3_route_on,1,43,1,13,6644,False
2026-07-22T03:35:14.917239+00:00,normal,m3_route_on,1,43,2,14,6644,False
2026-07-22T03:35:14.917247+00:00,normal,m3_route_on,1,43,3,15,6644,False
2026-07-22T03:35:14.917252+00:00,normal,m3_route_on,1,43,4,12,6644,False
2026-07-22T03:35:53.082901+00:00,normal,m3_route_on,1,44,1,15,6644,False
2026-07-22T03:35:53.082929+00:00,normal,m3_route_on,1,44,2,15,6644,False
2026-07-22T03:35:53.082936+00:00,normal,m3_route_on,1,44,3,13,6644,False
2026-07-22T03:35:53.082940+00:00,normal,m3_route_on,1,44,4,16,6644,False
2026-07-22T03:36:31.256790+00:00,normal,m3_route_on,1,45,1,13,6644,False
2026-07-22T03:36:31.256820+00:00,normal,m3_route_on,1,45,2,15,6644,False
2026-07-22T03:36:31.256826+00:00,normal,m3_route_on,1,45,3,8,6644,False
2026-07-22T03:36:31.256831+00:00,normal,m3_route_on,1,45,4,17,6644,False
2026-07-22T03:37:09.413937+00:00,normal,m3_route_on,1,46,1,8,6644,False
2026-07-22T03:37:09.413970+00:00,normal,m3_route_on,1,46,2,11,6644,False
2026-07-22T03:37:09.413977+00:00,normal,m3_route_on,1,46,3,14,6644,False
2026-07-22T03:37:09.413982+00:00,normal,m3_route_on,1,46,4,9,6644,False
2026-07-22T03:37:47.589495+00:00,normal,m3_route_on,1,47,1,16,6644,False
2026-07-22T03:37:47.589523+00:00,normal,m3_route_on,1,47,2,16,6644,False
2026-07-22T03:37:47.589529+00:00,normal,m3_route_on,1,47,3,16,6644,False
2026-07-22T03:37:47.589534+00:00,normal,m3_route_on,1,47,4,15,6644,False
2026-07-22T03:38:25.762901+00:00,normal,m3_route_on,1,48,1,9,6644,False
2026-07-22T03:38:25.762935+00:00,normal,m3_route_on,1,48,2,16,6644,False
2026-07-22T03:38:25.762942+00:00,normal,m3_route_on,1,48,3,16,6644,False
2026-07-22T03:38:25.762947+00:00,normal,m3_route_on,1,48,4,17,6644,False
2026-07-22T03:39:03.919082+00:00,normal,m3_route_on,1,49,1,16,6644,False
2026-07-22T03:39:03.919112+00:00,normal,m3_route_on,1,49,2,16,6644,False
2026-07-22T03:39:03.919118+00:00,normal,m3_route_on,1,49,3,16,6644,False
2026-07-22T03:39:03.919122+00:00,normal,m3_route_on,1,49,4,17,6644,False
2026-07-22T03:39:42.098524+00:00,normal,m3_route_on,1,50,1,10,6644,False
2026-07-22T03:39:42.098561+00:00,normal,m3_route_on,1,50,2,16,6644,False
2026-07-22T03:39:42.098568+00:00,normal,m3_route_on,1,50,3,17,6644,False
2026-07-22T03:39:42.098573+00:00,normal,m3_route_on,1,50,4,17,6644,False
2026-07-22T03:40:20.261505+00:00,normal,m3_route_on,1,51,1,16,6644,False
2026-07-22T03:40:20.261535+00:00,normal,m3_route_on,1,51,2,16,6644,False
2026-07-22T03:40:20.261541+00:00,normal,m3_route_on,1,51,3,11,6644,False
2026-07-22T03:40:20.261546+00:00,normal,m3_route_on,1,51,4,12,6644,False
2026-07-22T03:40:58.415206+00:00,normal,m3_route_on,1,52,1,15,6644,False
2026-07-22T03:40:58.415239+00:00,normal,m3_route_on,1,52,2,16,6644,False
2026-07-22T03:40:58.415247+00:00,normal,m3_route_on,1,52,3,16,6644,False
2026-07-22T03:40:58.415253+00:00,normal,m3_route_on,1,52,4,15,6644,False
2026-07-22T03:41:36.790067+00:00,normal,m3_route_on,1,53,1,15,6644,False
2026-07-22T03:41:36.790112+00:00,normal,m3_route_on,1,53,2,15,6644,False
2026-07-22T03:41:36.790121+00:00,normal,m3_route_on,1,53,3,15,6644,False
2026-07-22T03:41:36.790126+00:00,normal,m3_route_on,1,53,4,19,6644,False
2026-07-22T03:42:15.212512+00:00,normal,m3_route_on,1,54,1,21,6649,False
2026-07-22T03:42:15.212543+00:00,normal,m3_route_on,1,54,2,22,6649,False
2026-07-22T03:42:15.212550+00:00,normal,m3_route_on,1,54,3,21,6649,False
2026-07-22T03:42:15.212555+00:00,normal,m3_route_on,1,54,4,6,6649,False
2026-07-22T03:42:53.387111+00:00,normal,m3_route_on,1,55,1,16,6650,False
2026-07-22T03:42:53.387141+00:00,normal,m3_route_on,1,55,2,10,6650,False
2026-07-22T03:42:53.387147+00:00,normal,m3_route_on,1,55,3,16,6650,False
2026-07-22T03:42:53.387152+00:00,normal,m3_route_on,1,55,4,17,6650,False
2026-07-22T03:43:31.537469+00:00,normal,m3_route_on,1,56,1,16,6650,False
2026-07-22T03:43:31.537499+00:00,normal,m3_route_on,1,56,2,16,6650,False
2026-07-22T03:43:31.537506+00:00,normal,m3_route_on,1,56,3,15,6650,False
2026-07-22T03:43:31.537510+00:00,normal,m3_route_on,1,56,4,16,6650,False
2026-07-22T03:44:09.697856+00:00,normal,m3_route_on,1,57,1,13,6650,False
2026-07-22T03:44:09.697885+00:00,normal,m3_route_on,1,57,2,11,6650,False
2026-07-22T03:44:09.697891+00:00,normal,m3_route_on,1,57,3,20,6650,False
2026-07-22T03:44:09.697895+00:00,normal,m3_route_on,1,57,4,8,6650,False
2026-07-22T03:44:47.852816+00:00,normal,m3_route_on,1,58,1,16,6650,False
2026-07-22T03:44:47.852847+00:00,normal,m3_route_on,1,58,2,16,6650,False
2026-07-22T03:44:47.852854+00:00,normal,m3_route_on,1,58,3,15,6650,False
2026-07-22T03:44:47.852859+00:00,normal,m3_route_on,1,58,4,15,6650,False
2026-07-22T03:45:26.020317+00:00,normal,m3_route_on,1,59,1,15,6650,False
2026-07-22T03:45:26.020345+00:00,normal,m3_route_on,1,59,2,15,6650,False
2026-07-22T03:45:26.020352+00:00,normal,m3_route_on,1,59,3,15,6650,False
2026-07-22T03:45:26.020356+00:00,normal,m3_route_on,1,59,4,14,6650,False
2026-07-22T03:46:04.440832+00:00,normal,m3_route_on,1,60,1,22,6650,False
2026-07-22T03:46:04.440874+00:00,normal,m3_route_on,1,60,2,24,6650,False
2026-07-22T03:46:04.440890+00:00,normal,m3_route_on,1,60,3,17,6650,False
2026-07-22T03:46:04.440896+00:00,normal,m3_route_on,1,60,4,0,6650,False
2026-07-22T03:46:42.605218+00:00,normal,m3_route_on,1,61,1,15,6650,False
2026-07-22T03:46:42.605292+00:00,normal,m3_route_on,1,61,2,16,6650,False
2026-07-22T03:46:42.605299+00:00,normal,m3_route_on,1,61,3,17,6649,False
2026-07-22T03:46:42.605304+00:00,normal,m3_route_on,1,61,4,16,6650,False
2026-07-22T03:47:20.747716+00:00,normal,m3_route_on,1,62,1,16,6650,False
2026-07-22T03:47:20.747746+00:00,normal,m3_route_on,1,62,2,15,6650,False
2026-07-22T03:47:20.747753+00:00,normal,m3_route_on,1,62,3,16,6650,False
2026-07-22T03:47:20.747758+00:00,normal,m3_route_on,1,62,4,20,6650,False
2026-07-22T03:47:58.921251+00:00,normal,m3_route_on,1,63,1,16,6650,False
2026-07-22T03:47:58.921282+00:00,normal,m3_route_on,1,63,2,16,6650,False
2026-07-22T03:47:58.921289+00:00,normal,m3_route_on,1,63,3,15,6650,False
2026-07-22T03:47:58.921349+00:00,normal,m3_route_on,1,63,4,15,6650,False
2026-07-22T03:48:37.115138+00:00,normal,m3_route_on,1,64,1,14,6650,False
2026-07-22T03:48:37.115169+00:00,normal,m3_route_on,1,64,2,16,6650,False
2026-07-22T03:48:37.115175+00:00,normal,m3_route_on,1,64,3,15,6650,False
2026-07-22T03:48:37.115180+00:00,normal,m3_route_on,1,64,4,15,6650,False
2026-07-22T03:49:15.288618+00:00,normal,m3_route_on,1,65,1,16,6650,False
2026-07-22T03:49:15.288648+00:00,normal,m3_route_on,1,65,2,16,6650,False
2026-07-22T03:49:15.288655+00:00,normal,m3_route_on,1,65,3,17,6650,False
2026-07-22T03:49:15.288660+00:00,normal,m3_route_on,1,65,4,25,6650,False
2026-07-22T03:49:53.589679+00:00,normal,m3_route_on,1,66,1,22,6650,False
2026-07-22T03:49:53.589708+00:00,normal,m3_route_on,1,66,2,23,6650,False
2026-07-22T03:49:53.589714+00:00,normal,m3_route_on,1,66,3,28,6650,False
2026-07-22T03:49:53.589719+00:00,normal,m3_route_on,1,66,4,9,6650,False
2026-07-22T03:50:31.765927+00:00,normal,m3_route_on,1,67,1,14,6650,False
2026-07-22T03:50:31.765958+00:00,normal,m3_route_on,1,67,2,15,6650,False
2026-07-22T03:50:31.765964+00:00,normal,m3_route_on,1,67,3,14,6650,False
2026-07-22T03:50:31.765969+00:00,normal,m3_route_on,1,67,4,11,6650,False
2026-07-22T03:51:10.329632+00:00,normal,m3_route_on,1,68,1,11,6650,False
2026-07-22T03:51:10.329662+00:00,normal,m3_route_on,1,68,2,8,6650,False
2026-07-22T03:51:10.329669+00:00,normal,m3_route_on,1,68,3,28,6650,False
2026-07-22T03:51:10.329673+00:00,normal,m3_route_on,1,68,4,24,6650,False
2026-07-22T03:51:48.488611+00:00,normal,m3_route_on,1,69,1,15,6650,False
2026-07-22T03:51:48.488641+00:00,normal,m3_route_on,1,69,2,16,6650,False
2026-07-22T03:51:48.488648+00:00,normal,m3_route_on,1,69,3,15,6650,False
2026-07-22T03:51:48.488653+00:00,normal,m3_route_on,1,69,4,15,6650,False
2026-07-22T03:52:26.662650+00:00,normal,m3_route_on,1,70,1,12,6650,False
2026-07-22T03:52:26.662679+00:00,normal,m3_route_on,1,70,2,13,6650,False
2026-07-22T03:52:26.662686+00:00,normal,m3_route_on,1,70,3,17,6650,False
2026-07-22T03:52:26.662690+00:00,normal,m3_route_on,1,70,4,15,6650,False
2026-07-22T03:53:04.834529+00:00,normal,m3_route_on,1,71,1,15,6650,False
2026-07-22T03:53:04.834565+00:00,normal,m3_route_on,1,71,2,15,6650,False
2026-07-22T03:53:04.834572+00:00,normal,m3_route_on,1,71,3,15,6650,False
2026-07-22T03:53:04.834578+00:00,normal,m3_route_on,1,71,4,16,6650,False
2026-07-22T03:53:42.983941+00:00,normal,m3_route_on,1,72,1,10,6650,False
2026-07-22T03:53:42.983970+00:00,normal,m3_route_on,1,72,2,13,6650,False
2026-07-22T03:53:42.983976+00:00,normal,m3_route_on,1,72,3,13,6650,False
2026-07-22T03:53:42.983981+00:00,normal,m3_route_on,1,72,4,14,6650,False
2026-07-22T03:54:21.143999+00:00,normal,m3_route_on,1,73,1,12,6650,False
2026-07-22T03:54:21.144027+00:00,normal,m3_route_on,1,73,2,10,6650,False
2026-07-22T03:54:21.144033+00:00,normal,m3_route_on,1,73,3,11,6650,False
2026-07-22T03:54:21.144038+00:00,normal,m3_route_on,1,73,4,11,6650,False
2026-07-22T03:54:59.288202+00:00,normal,m3_route_on,1,74,1,11,6650,False
2026-07-22T03:54:59.288231+00:00,normal,m3_route_on,1,74,2,13,6650,False
2026-07-22T03:54:59.288237+00:00,normal,m3_route_on,1,74,3,13,6650,False
2026-07-22T03:54:59.288242+00:00,normal,m3_route_on,1,74,4,7,6650,False
2026-07-22T03:55:37.456119+00:00,normal,m3_route_on,1,75,1,11,6650,False
2026-07-22T03:55:37.456178+00:00,normal,m3_route_on,1,75,2,15,6650,False
2026-07-22T03:55:37.456189+00:00,normal,m3_route_on,1,75,3,12,6650,False
2026-07-22T03:55:37.456194+00:00,normal,m3_route_on,1,75,4,13,6650,False
2026-07-22T03:56:15.693057+00:00,normal,m3_route_on,1,76,1,24,6650,False
2026-07-22T03:56:15.693086+00:00,normal,m3_route_on,1,76,2,4,6650,False
2026-07-22T03:56:15.693092+00:00,normal,m3_route_on,1,76,3,5,6650,False
2026-07-22T03:56:15.693096+00:00,normal,m3_route_on,1,76,4,7,6650,False
2026-07-22T03:56:53.864146+00:00,normal,m3_route_on,1,77,1,15,6650,False
2026-07-22T03:56:53.864176+00:00,normal,m3_route_on,1,77,2,15,6650,False
2026-07-22T03:56:53.864183+00:00,normal,m3_route_on,1,77,3,17,6650,False
2026-07-22T03:56:53.864187+00:00,normal,m3_route_on,1,77,4,13,6650,False
2026-07-22T03:57:32.022343+00:00,normal,m3_route_on,1,78,1,15,6650,False
2026-07-22T03:57:32.022373+00:00,normal,m3_route_on,1,78,2,15,6650,False
2026-07-22T03:57:32.022379+00:00,normal,m3_route_on,1,78,3,8,6650,False
2026-07-22T03:57:32.022384+00:00,normal,m3_route_on,1,78,4,8,6650,False
2026-07-22T03:58:10.174340+00:00,normal,m3_route_on,1,79,1,10,6650,False
2026-07-22T03:58:10.174372+00:00,normal,m3_route_on,1,79,2,10,6650,False
2026-07-22T03:58:10.174378+00:00,normal,m3_route_on,1,79,3,10,6650,False
2026-07-22T03:58:10.174383+00:00,normal,m3_route_on,1,79,4,14,6650,False
2026-07-22T03:58:48.331010+00:00,normal,m3_route_on,1,80,1,10,6650,False
2026-07-22T03:58:48.331041+00:00,normal,m3_route_on,1,80,2,11,6650,False
2026-07-22T03:58:48.331047+00:00,normal,m3_route_on,1,80,3,12,6650,False
2026-07-22T03:58:48.331052+00:00,normal,m3_route_on,1,80,4,14,6650,False
2026-07-22T03:59:26.493846+00:00,normal,m3_route_on,1,81,1,14,6650,False
2026-07-22T03:59:26.493881+00:00,normal,m3_route_on,1,81,2,16,6650,False
2026-07-22T03:59:26.493887+00:00,normal,m3_route_on,1,81,3,16,6650,False
2026-07-22T03:59:26.493892+00:00,normal,m3_route_on,1,81,4,15,6650,False
2026-07-22T04:00:04.653355+00:00,normal,m3_route_on,1,82,1,11,6650,False
2026-07-22T04:00:04.653383+00:00,normal,m3_route_on,1,82,2,14,6650,False
2026-07-22T04:00:04.653441+00:00,normal,m3_route_on,1,82,3,13,6650,False
2026-07-22T04:00:04.653446+00:00,normal,m3_route_on,1,82,4,13,6650,False
2026-07-22T04:00:42.830109+00:00,normal,m3_route_on,1,83,1,15,6650,False
2026-07-22T04:00:42.830141+00:00,normal,m3_route_on,1,83,2,8,6650,False
2026-07-22T04:00:42.830148+00:00,normal,m3_route_on,1,83,3,6,6650,False
2026-07-22T04:00:42.830153+00:00,normal,m3_route_on,1,83,4,38,6650,False
2026-07-22T04:01:21.009111+00:00,normal,m3_route_on,1,84,1,13,6650,False
2026-07-22T04:01:21.009156+00:00,normal,m3_route_on,1,84,2,13,6650,False
2026-07-22T04:01:21.009165+00:00,normal,m3_route_on,1,84,3,17,6650,False
2026-07-22T04:01:21.009170+00:00,normal,m3_route_on,1,84,4,13,6650,False
2026-07-22T04:01:59.181595+00:00,normal,m3_route_on,1,85,1,16,6650,False
2026-07-22T04:01:59.181623+00:00,normal,m3_route_on,1,85,2,16,6650,False
2026-07-22T04:01:59.181630+00:00,normal,m3_route_on,1,85,3,15,6650,False
2026-07-22T04:01:59.181635+00:00,normal,m3_route_on,1,85,4,10,6650,False
2026-07-22T04:02:37.550931+00:00,normal,m3_route_on,1,86,1,18,6650,False
2026-07-22T04:02:37.550988+00:00,normal,m3_route_on,1,86,2,21,6650,False
2026-07-22T04:02:37.551028+00:00,normal,m3_route_on,1,86,3,21,6650,False
2026-07-22T04:02:37.551042+00:00,normal,m3_route_on,1,86,4,21,6650,False
2026-07-22T04:03:15.904351+00:00,normal,m3_route_on,1,87,1,13,6650,False
2026-07-22T04:03:15.904563+00:00,normal,m3_route_on,1,87,2,19,6650,False
2026-07-22T04:03:15.904659+00:00,normal,m3_route_on,1,87,3,4,6650,False
2026-07-22T04:03:15.904665+00:00,normal,m3_route_on,1,87,4,15,6650,False
2026-07-22T04:03:54.054821+00:00,normal,m3_route_on,1,88,1,13,6650,False
2026-07-22T04:03:54.054850+00:00,normal,m3_route_on,1,88,2,13,6650,False
2026-07-22T04:03:54.054857+00:00,normal,m3_route_on,1,88,3,13,6650,False
2026-07-22T04:03:54.054861+00:00,normal,m3_route_on,1,88,4,13,6650,False
2026-07-22T04:04:32.223185+00:00,normal,m3_route_on,1,89,1,15,6650,False
2026-07-22T04:04:32.223216+00:00,normal,m3_route_on,1,89,2,9,6650,False
2026-07-22T04:04:32.223223+00:00,normal,m3_route_on,1,89,3,12,6650,False
2026-07-22T04:04:32.223227+00:00,normal,m3_route_on,1,89,4,14,6650,False
2026-07-22T04:05:10.376394+00:00,normal,m3_route_on,1,90,1,15,6650,False
2026-07-22T04:05:10.376425+00:00,normal,m3_route_on,1,90,2,15,6650,False
2026-07-22T04:05:10.376432+00:00,normal,m3_route_on,1,90,3,16,6650,False
2026-07-22T04:05:10.376436+00:00,normal,m3_route_on,1,90,4,12,6650,False
2026-07-22T04:05:48.543723+00:00,normal,m3_route_on,1,91,1,10,6650,False
2026-07-22T04:05:48.543752+00:00,normal,m3_route_on,1,91,2,8,6650,False
2026-07-22T04:05:48.543759+00:00,normal,m3_route_on,1,91,3,14,6650,False
2026-07-22T04:05:48.543763+00:00,normal,m3_route_on,1,91,4,11,6650,False
2026-07-22T04:06:26.700939+00:00,normal,m3_route_on,1,92,1,21,6650,False
2026-07-22T04:06:26.700968+00:00,normal,m3_route_on,1,92,2,8,6650,False
2026-07-22T04:06:26.700974+00:00,normal,m3_route_on,1,92,3,15,6650,False
2026-07-22T04:06:26.700979+00:00,normal,m3_route_on,1,92,4,12,6650,False
2026-07-22T04:07:04.861837+00:00,normal,m3_route_on,1,93,1,14,6650,False
2026-07-22T04:07:04.861882+00:00,normal,m3_route_on,1,93,2,13,6650,False
2026-07-22T04:07:04.861891+00:00,normal,m3_route_on,1,93,3,10,6650,False
2026-07-22T04:07:04.861896+00:00,normal,m3_route_on,1,93,4,13,6650,False
2026-07-22T04:07:43.439539+00:00,normal,m3_route_on,1,94,1,9,6650,False
2026-07-22T04:07:43.439913+00:00,normal,m3_route_on,1,94,2,7,6650,False
2026-07-22T04:07:43.440029+00:00,normal,m3_route_on,1,94,3,27,6650,False
2026-07-22T04:07:43.440043+00:00,normal,m3_route_on,1,94,4,12,6650,False
2026-07-22T04:08:21.596730+00:00,normal,m3_route_on,1,95,1,16,6650,False
2026-07-22T04:08:21.596759+00:00,normal,m3_route_on,1,95,2,15,6650,False
2026-07-22T04:08:21.596766+00:00,normal,m3_route_on,1,95,3,15,6650,False
2026-07-22T04:08:21.596770+00:00,normal,m3_route_on,1,95,4,13,6650,False
2026-07-22T04:08:59.749881+00:00,normal,m3_route_on,1,96,1,7,6650,False
2026-07-22T04:08:59.749911+00:00,normal,m3_route_on,1,96,2,9,6650,False
2026-07-22T04:08:59.749917+00:00,normal,m3_route_on,1,96,3,10,6650,False
2026-07-22T04:08:59.749922+00:00,normal,m3_route_on,1,96,4,9,6650,False
2026-07-22T04:09:38.358059+00:00,normal,m3_route_on,1,97,1,18,6650,False
2026-07-22T04:09:38.358089+00:00,normal,m3_route_on,1,97,2,11,6650,False
2026-07-22T04:09:38.358095+00:00,normal,m3_route_on,1,97,3,11,6650,False
2026-07-22T04:09:38.358100+00:00,normal,m3_route_on,1,97,4,10,6650,False
2026-07-22T04:10:16.508883+00:00,normal,m3_route_on,1,98,1,12,6650,False
2026-07-22T04:10:16.508912+00:00,normal,m3_route_on,1,98,2,17,6650,False
2026-07-22T04:10:16.508919+00:00,normal,m3_route_on,1,98,3,13,6650,False
2026-07-22T04:10:16.508923+00:00,normal,m3_route_on,1,98,4,15,6650,False
2026-07-22T04:10:54.683390+00:00,normal,m3_route_on,1,99,1,21,6650,False
2026-07-22T04:10:54.683419+00:00,normal,m3_route_on,1,99,2,8,6650,False
2026-07-22T04:10:54.683425+00:00,normal,m3_route_on,1,99,3,14,6650,False
2026-07-22T04:10:54.683430+00:00,normal,m3_route_on,1,99,4,13,6650,False
2026-07-22T04:11:32.847702+00:00,normal,m3_route_on,1,100,1,12,6650,False
2026-07-22T04:11:32.847732+00:00,normal,m3_route_on,1,100,2,11,6650,False
2026-07-22T04:11:32.847738+00:00,normal,m3_route_on,1,100,3,11,6650,False
2026-07-22T04:11:32.847743+00:00,normal,m3_route_on,1,100,4,11,6650,False
2026-07-22T04:12:11.004361+00:00,normal,m3_route_on,1,101,1,10,6650,False
2026-07-22T04:12:11.004391+00:00,normal,m3_route_on,1,101,2,8,6650,False
2026-07-22T04:12:11.004398+00:00,normal,m3_route_on,1,101,3,11,6650,False
2026-07-22T04:12:11.004403+00:00,normal,m3_route_on,1,101,4,10,6650,False
2026-07-22T04:12:49.181039+00:00,normal,m3_route_on,1,102,1,10,6650,False
2026-07-22T04:12:49.181067+00:00,normal,m3_route_on,1,102,2,13,6650,False
2026-07-22T04:12:49.181609+00:00,normal,m3_route_on,1,102,3,13,6650,False
2026-07-22T04:12:49.181618+00:00,normal,m3_route_on,1,102,4,38,6650,False
2026-07-22T04:13:27.342679+00:00,normal,m3_route_on,1,103,1,14,6650,False
2026-07-22T04:13:27.342709+00:00,normal,m3_route_on,1,103,2,14,6650,False
2026-07-22T04:13:27.342715+00:00,normal,m3_route_on,1,103,3,15,6650,False
2026-07-22T04:13:27.342719+00:00,normal,m3_route_on,1,103,4,13,6650,False
2026-07-22T04:14:05.491916+00:00,normal,m3_route_on,1,104,1,10,6650,False
2026-07-22T04:14:05.491947+00:00,normal,m3_route_on,1,104,2,10,6650,False
2026-07-22T04:14:05.491954+00:00,normal,m3_route_on,1,104,3,12,6650,False
2026-07-22T04:14:05.491959+00:00,normal,m3_route_on,1,104,4,13,6650,False
2026-07-22T04:14:43.632017+00:00,normal,m3_route_on,1,105,1,10,6650,False
2026-07-22T04:14:43.632047+00:00,normal,m3_route_on,1,105,2,13,6650,False
2026-07-22T04:14:43.632053+00:00,normal,m3_route_on,1,105,3,13,6650,False
2026-07-22T04:14:43.632058+00:00,normal,m3_route_on,1,105,4,15,6650,False
2026-07-22T04:15:21.850714+00:00,normal,m3_route_on,1,106,1,15,6650,False
2026-07-22T04:15:21.850814+00:00,normal,m3_route_on,1,106,2,14,6650,False
2026-07-22T04:15:21.850856+00:00,normal,m3_route_on,1,106,3,16,6650,False
2026-07-22T04:15:21.850925+00:00,normal,m3_route_on,1,106,4,17,6650,False
2026-07-22T04:15:59.992683+00:00,normal,m3_route_on,1,107,1,10,6650,False
2026-07-22T04:15:59.992713+00:00,normal,m3_route_on,1,107,2,12,6650,False
2026-07-22T04:15:59.992720+00:00,normal,m3_route_on,1,107,3,12,6650,False
2026-07-22T04:15:59.992725+00:00,normal,m3_route_on,1,107,4,15,6650,False
2026-07-22T04:16:38.140142+00:00,normal,m3_route_on,1,108,1,9,6650,False
2026-07-22T04:16:38.140171+00:00,normal,m3_route_on,1,108,2,11,6650,False
2026-07-22T04:16:38.140178+00:00,normal,m3_route_on,1,108,3,13,6650,False
2026-07-22T04:16:38.140183+00:00,normal,m3_route_on,1,108,4,15,6650,False
2026-07-22T04:17:16.282891+00:00,normal,m3_route_on,1,109,1,14,6650,False
2026-07-22T04:17:16.282919+00:00,normal,m3_route_on,1,109,2,14,6650,False
2026-07-22T04:17:16.282925+00:00,normal,m3_route_on,1,109,3,13,6650,False
2026-07-22T04:17:16.282930+00:00,normal,m3_route_on,1,109,4,16,6650,False
2026-07-22T04:17:54.436421+00:00,normal,m3_route_on,1,110,1,16,6650,False
2026-07-22T04:17:54.436465+00:00,normal,m3_route_on,1,110,2,15,6650,False
2026-07-22T04:17:54.436493+00:00,normal,m3_route_on,1,110,3,18,6650,False
2026-07-22T04:17:54.436514+00:00,normal,m3_route_on,1,110,4,16,6650,False
2026-07-22T04:18:32.765075+00:00,normal,m3_route_on,1,111,1,16,6650,False
2026-07-22T04:18:32.765157+00:00,normal,m3_route_on,1,111,2,42,6650,False
2026-07-22T04:18:32.765248+00:00,normal,m3_route_on,1,111,3,8,6650,False
2026-07-22T04:18:32.765288+00:00,normal,m3_route_on,1,111,4,19,6650,False
2026-07-22T04:19:11.111127+00:00,normal,m3_route_on,1,112,1,16,6650,False
2026-07-22T04:19:11.111174+00:00,normal,m3_route_on,1,112,2,13,6650,False
2026-07-22T04:19:11.111183+00:00,normal,m3_route_on,1,112,3,16,6650,False
2026-07-22T04:19:11.111230+00:00,normal,m3_route_on,1,112,4,10,6650,False
2026-07-22T04:19:49.511971+00:00,normal,m3_route_on,1,113,1,13,6650,False
2026-07-22T04:19:49.512002+00:00,normal,m3_route_on,1,113,2,23,6650,False
2026-07-22T04:19:49.512008+00:00,normal,m3_route_on,1,113,3,21,6650,False
2026-07-22T04:19:49.512013+00:00,normal,m3_route_on,1,113,4,20,6650,False
2026-07-22T04:20:27.913048+00:00,normal,m3_route_on,1,114,1,15,6650,False
2026-07-22T04:20:27.913081+00:00,normal,m3_route_on,1,114,2,21,6650,False
2026-07-22T04:20:27.913088+00:00,normal,m3_route_on,1,114,3,19,6650,False
2026-07-22T04:20:27.913093+00:00,normal,m3_route_on,1,114,4,13,6650,False
2026-07-22T04:21:06.079237+00:00,normal,m3_route_on,1,115,1,14,6650,False
2026-07-22T04:21:06.079265+00:00,normal,m3_route_on,1,115,2,16,6650,False
2026-07-22T04:21:06.079272+00:00,normal,m3_route_on,1,115,3,14,6650,False
2026-07-22T04:21:06.079277+00:00,normal,m3_route_on,1,115,4,14,6650,False
2026-07-22T04:21:44.970052+00:00,normal,m3_route_on,1,116,1,9,6650,False
2026-07-22T04:21:44.970103+00:00,normal,m3_route_on,1,116,2,20,6650,False
2026-07-22T04:21:44.970254+00:00,normal,m3_route_on,1,116,3,19,6650,False
2026-07-22T04:21:44.970290+00:00,normal,m3_route_on,1,116,4,15,6650,False
2026-07-22T04:22:23.116773+00:00,normal,m3_route_on,1,117,1,15,6650,False
2026-07-22T04:22:23.116823+00:00,normal,m3_route_on,1,117,2,15,6650,False
2026-07-22T04:22:23.116841+00:00,normal,m3_route_on,1,117,3,16,6650,False
2026-07-22T04:22:23.116860+00:00,normal,m3_route_on,1,117,4,6,6650,False
2026-07-22T04:23:01.261659+00:00,normal,m3_route_on,1,118,1,16,6650,False
2026-07-22T04:23:01.261688+00:00,normal,m3_route_on,1,118,2,16,6650,False
2026-07-22T04:23:01.261695+00:00,normal,m3_route_on,1,118,3,16,6650,False
2026-07-22T04:23:01.261699+00:00,normal,m3_route_on,1,118,4,16,6650,False
2026-07-22T04:23:39.416927+00:00,normal,m3_route_on,1,119,1,15,6650,False
2026-07-22T04:23:39.416956+00:00,normal,m3_route_on,1,119,2,15,6650,False
2026-07-22T04:23:39.416962+00:00,normal,m3_route_on,1,119,3,15,6650,False
2026-07-22T04:23:39.416967+00:00,normal,m3_route_on,1,119,4,15,6650,False
2026-07-22T04:24:18.027804+00:00,normal,m3_route_on,1,120,1,21,6650,False
2026-07-22T04:24:18.027916+00:00,normal,m3_route_on,1,120,2,24,6650,False
2026-07-22T04:24:18.027974+00:00,normal,m3_route_on,1,120,3,25,6650,False
2026-07-22T04:24:18.028009+00:00,normal,m3_route_on,1,120,4,16,6650,False
2026-07-22T04:24:56.242369+00:00,normal,m3_route_on,1,121,1,15,6650,False
2026-07-22T04:24:56.242398+00:00,normal,m3_route_on,1,121,2,14,6650,False
2026-07-22T04:24:56.242415+00:00,normal,m3_route_on,1,121,3,15,6650,False
2026-07-22T04:24:56.242428+00:00,normal,m3_route_on,1,121,4,15,6650,False
2026-07-22T04:25:34.415306+00:00,normal,m3_route_on,1,122,1,16,6650,False
2026-07-22T04:25:34.415335+00:00,normal,m3_route_on,1,122,2,15,6650,False
2026-07-22T04:25:34.415342+00:00,normal,m3_route_on,1,122,3,15,6650,False
2026-07-22T04:25:34.415347+00:00,normal,m3_route_on,1,122,4,15,6650,False
2026-07-22T04:26:12.594502+00:00,normal,m3_route_on,1,123,1,19,6650,False
2026-07-22T04:26:12.594531+00:00,normal,m3_route_on,1,123,2,9,6650,False
2026-07-22T04:26:12.594537+00:00,normal,m3_route_on,1,123,3,16,6650,False
2026-07-22T04:26:12.594542+00:00,normal,m3_route_on,1,123,4,16,6650,False
2026-07-22T04:26:50.769116+00:00,normal,m3_route_on,1,124,1,15,6650,False
2026-07-22T04:26:50.769144+00:00,normal,m3_route_on,1,124,2,14,6650,False
2026-07-22T04:26:50.769151+00:00,normal,m3_route_on,1,124,3,15,6650,False
2026-07-22T04:26:50.769156+00:00,normal,m3_route_on,1,124,4,14,6650,False
2026-07-22T04:27:28.917144+00:00,normal,m3_route_on,1,125,1,16,6650,False
2026-07-22T04:27:28.917172+00:00,normal,m3_route_on,1,125,2,16,6650,False
2026-07-22T04:27:28.917178+00:00,normal,m3_route_on,1,125,3,16,6650,False
2026-07-22T04:27:28.917183+00:00,normal,m3_route_on,1,125,4,16,6650,False
2026-07-22T04:28:07.885159+00:00,normal,m3_route_on,1,126,1,23,6650,False
2026-07-22T04:28:07.885191+00:00,normal,m3_route_on,1,126,2,28,6650,False
2026-07-22T04:28:07.885198+00:00,normal,m3_route_on,1,126,3,19,6650,False
2026-07-22T04:28:07.885202+00:00,normal,m3_route_on,1,126,4,27,6650,False
2026-07-22T04:28:46.052508+00:00,normal,m3_route_on,1,127,1,17,6650,False
2026-07-22T04:28:46.052570+00:00,normal,m3_route_on,1,127,2,16,6650,False
2026-07-22T04:28:46.052582+00:00,normal,m3_route_on,1,127,3,15,6650,False
2026-07-22T04:28:46.052613+00:00,normal,m3_route_on,1,127,4,11,6650,False
2026-07-22T04:29:24.214364+00:00,normal,m3_route_on,1,128,1,18,6650,False
2026-07-22T04:29:24.214394+00:00,normal,m3_route_on,1,128,2,10,6650,False
2026-07-22T04:29:24.214400+00:00,normal,m3_route_on,1,128,3,15,6650,False
2026-07-22T04:29:24.214405+00:00,normal,m3_route_on,1,128,4,15,6650,False
2026-07-22T04:30:02.686189+00:00,normal,m3_route_on,1,129,1,17,6650,False
2026-07-22T04:30:02.686219+00:00,normal,m3_route_on,1,129,2,9,6650,False
2026-07-22T04:30:02.686226+00:00,normal,m3_route_on,1,129,3,29,6650,False
2026-07-22T04:30:02.686231+00:00,normal,m3_route_on,1,129,4,18,6650,False
2026-07-22T04:30:40.874594+00:00,normal,m3_route_on,1,130,1,6,6650,False
2026-07-22T04:30:40.874624+00:00,normal,m3_route_on,1,130,2,0,6650,False
2026-07-22T04:30:40.874631+00:00,normal,m3_route_on,1,130,3,29,6650,False
2026-07-22T04:30:40.874636+00:00,normal,m3_route_on,1,130,4,9,6650,False
2026-07-22T04:31:19.329254+00:00,normal,m3_route_on,1,131,1,9,6650,False
2026-07-22T04:31:19.329283+00:00,normal,m3_route_on,1,131,2,15,6650,False
2026-07-22T04:31:19.329289+00:00,normal,m3_route_on,1,131,3,18,6650,False
2026-07-22T04:31:19.329294+00:00,normal,m3_route_on,1,131,4,13,6650,False
2026-07-22T04:31:57.479048+00:00,normal,m3_route_on,1,132,1,15,6650,False
2026-07-22T04:31:57.479076+00:00,normal,m3_route_on,1,132,2,15,6650,False
2026-07-22T04:31:57.479083+00:00,normal,m3_route_on,1,132,3,15,6650,False
2026-07-22T04:31:57.479087+00:00,normal,m3_route_on,1,132,4,15,6650,False
2026-07-22T04:32:36.211176+00:00,normal,m3_route_on,1,133,1,24,6650,False
2026-07-22T04:32:36.211208+00:00,normal,m3_route_on,1,133,2,8,6650,False
2026-07-22T04:32:36.211215+00:00,normal,m3_route_on,1,133,3,23,6650,False
2026-07-22T04:32:36.211220+00:00,normal,m3_route_on,1,133,4,22,6650,False
2026-07-22T04:33:14.376687+00:00,normal,m3_route_on,1,134,1,7,6650,False
2026-07-22T04:33:14.376716+00:00,normal,m3_route_on,1,134,2,21,6650,False
2026-07-22T04:33:14.376722+00:00,normal,m3_route_on,1,134,3,13,6650,False
2026-07-22T04:33:14.376726+00:00,normal,m3_route_on,1,134,4,14,6650,False
2026-07-22T04:33:52.536123+00:00,normal,m3_route_on,1,135,1,3,6650,True
2026-07-22T04:33:52.536153+00:00,normal,m3_route_on,1,135,2,8,6650,True
2026-07-22T04:33:52.536159+00:00,normal,m3_route_on,1,135,3,8,6650,True
2026-07-22T04:33:52.536164+00:00,normal,m3_route_on,1,135,4,10,6650,True
2026-07-22T04:53:08.806577+00:00,normal,m3_route_bypassed,1,1,1,15,6626,False
2026-07-22T04:53:08.806620+00:00,normal,m3_route_bypassed,1,1,2,14,6626,False
2026-07-22T04:53:08.806630+00:00,normal,m3_route_bypassed,1,1,3,24,6626,False
2026-07-22T04:53:08.806634+00:00,normal,m3_route_bypassed,1,1,4,6,6626,False
2026-07-22T04:53:46.984235+00:00,normal,m3_route_bypassed,1,2,1,14,6626,False
2026-07-22T04:53:46.984277+00:00,normal,m3_route_bypassed,1,2,2,16,6626,False
2026-07-22T04:53:46.984291+00:00,normal,m3_route_bypassed,1,2,3,14,6626,False
2026-07-22T04:53:46.984297+00:00,normal,m3_route_bypassed,1,2,4,14,6626,False
2026-07-22T04:54:26.064847+00:00,normal,m3_route_bypassed,1,3,1,5,6626,False
2026-07-22T04:54:26.064882+00:00,normal,m3_route_bypassed,1,3,2,21,6626,False
2026-07-22T04:54:26.064889+00:00,normal,m3_route_bypassed,1,3,3,23,6626,False
2026-07-22T04:54:26.064894+00:00,normal,m3_route_bypassed,1,3,4,26,6626,False
2026-07-22T04:55:04.233703+00:00,normal,m3_route_bypassed,1,4,1,15,6626,False
2026-07-22T04:55:04.233765+00:00,normal,m3_route_bypassed,1,4,2,16,6626,False
2026-07-22T04:55:04.233792+00:00,normal,m3_route_bypassed,1,4,3,16,6626,False
2026-07-22T04:55:04.233810+00:00,normal,m3_route_bypassed,1,4,4,35,6626,False
2026-07-22T04:55:42.396849+00:00,normal,m3_route_bypassed,1,5,1,16,6626,False
2026-07-22T04:55:42.396881+00:00,normal,m3_route_bypassed,1,5,2,15,6626,False
2026-07-22T04:55:42.396887+00:00,normal,m3_route_bypassed,1,5,3,15,6626,False
2026-07-22T04:55:42.396892+00:00,normal,m3_route_bypassed,1,5,4,14,6626,False
2026-07-22T04:56:20.799131+00:00,normal,m3_route_bypassed,1,6,1,8,6626,False
2026-07-22T04:56:20.799164+00:00,normal,m3_route_bypassed,1,6,2,13,6626,False
2026-07-22T04:56:20.799171+00:00,normal,m3_route_bypassed,1,6,3,26,6626,False
2026-07-22T04:56:20.799176+00:00,normal,m3_route_bypassed,1,6,4,20,6626,False
2026-07-22T04:56:58.962666+00:00,normal,m3_route_bypassed,1,7,1,15,6626,False
2026-07-22T04:56:58.962697+00:00,normal,m3_route_bypassed,1,7,2,13,6626,False
2026-07-22T04:56:58.963056+00:00,normal,m3_route_bypassed,1,7,3,8,6626,False
2026-07-22T04:56:58.963065+00:00,normal,m3_route_bypassed,1,7,4,8,6626,False
2026-07-22T04:57:37.144142+00:00,normal,m3_route_bypassed,1,8,1,13,6626,False
2026-07-22T04:57:37.144174+00:00,normal,m3_route_bypassed,1,8,2,16,6626,False
2026-07-22T04:57:37.144181+00:00,normal,m3_route_bypassed,1,8,3,16,6626,False
2026-07-22T04:57:37.144185+00:00,normal,m3_route_bypassed,1,8,4,15,6626,False
2026-07-22T04:58:15.315667+00:00,normal,m3_route_bypassed,1,9,1,9,6626,False
2026-07-22T04:58:15.315700+00:00,normal,m3_route_bypassed,1,9,2,16,6626,False
2026-07-22T04:58:15.315706+00:00,normal,m3_route_bypassed,1,9,3,15,6626,False
2026-07-22T04:58:15.315711+00:00,normal,m3_route_bypassed,1,9,4,24,6626,False
2026-07-22T04:58:53.528003+00:00,normal,m3_route_bypassed,1,10,1,9,6626,False
2026-07-22T04:58:53.528035+00:00,normal,m3_route_bypassed,1,10,2,18,6626,False
2026-07-22T04:58:53.528041+00:00,normal,m3_route_bypassed,1,10,3,20,6626,False
2026-07-22T04:58:53.528047+00:00,normal,m3_route_bypassed,1,10,4,9,6626,False
2026-07-22T04:59:32.020765+00:00,normal,m3_route_bypassed,1,11,1,14,6626,False
2026-07-22T04:59:32.020867+00:00,normal,m3_route_bypassed,1,11,2,13,6626,False
2026-07-22T04:59:32.020885+00:00,normal,m3_route_bypassed,1,11,3,29,6626,False
2026-07-22T04:59:32.020914+00:00,normal,m3_route_bypassed,1,11,4,17,6626,False
2026-07-22T05:00:10.455064+00:00,normal,m3_route_bypassed,1,12,1,23,6626,False
2026-07-22T05:00:10.455100+00:00,normal,m3_route_bypassed,1,12,2,7,6626,False
2026-07-22T05:00:10.455108+00:00,normal,m3_route_bypassed,1,12,3,24,6626,False
2026-07-22T05:00:10.455112+00:00,normal,m3_route_bypassed,1,12,4,19,6626,False
2026-07-22T05:00:49.277592+00:00,normal,m3_route_bypassed,1,13,1,24,6626,False
2026-07-22T05:00:49.277637+00:00,normal,m3_route_bypassed,1,13,2,24,6626,False
2026-07-22T05:00:49.277833+00:00,normal,m3_route_bypassed,1,13,3,26,6626,False
2026-07-22T05:00:49.277843+00:00,normal,m3_route_bypassed,1,13,4,8,6626,False
2026-07-22T05:01:28.482744+00:00,normal,m3_route_bypassed,1,14,1,7,6626,False
2026-07-22T05:01:28.482806+00:00,normal,m3_route_bypassed,1,14,2,22,6626,False
2026-07-22T05:01:28.482853+00:00,normal,m3_route_bypassed,1,14,3,7,6626,False
2026-07-22T05:01:28.482866+00:00,normal,m3_route_bypassed,1,14,4,26,6626,False
2026-07-22T05:02:07.025443+00:00,normal,m3_route_bypassed,1,15,1,19,6626,False
2026-07-22T05:02:07.025540+00:00,normal,m3_route_bypassed,1,15,2,27,6626,False
2026-07-22T05:02:07.025578+00:00,normal,m3_route_bypassed,1,15,3,23,6626,False
2026-07-22T05:02:07.025610+00:00,normal,m3_route_bypassed,1,15,4,15,6626,False
2026-07-22T05:02:45.313583+00:00,normal,m3_route_bypassed,1,16,1,6,6626,False
2026-07-22T05:02:45.313630+00:00,normal,m3_route_bypassed,1,16,2,29,6626,False
2026-07-22T05:02:45.313638+00:00,normal,m3_route_bypassed,1,16,3,13,6626,False
2026-07-22T05:02:45.313662+00:00,normal,m3_route_bypassed,1,16,4,15,6626,False
2026-07-22T05:03:23.830263+00:00,normal,m3_route_bypassed,1,17,1,16,6626,False
2026-07-22T05:03:23.830340+00:00,normal,m3_route_bypassed,1,17,2,15,6626,False
2026-07-22T05:03:23.830648+00:00,normal,m3_route_bypassed,1,17,3,24,6626,False
2026-07-22T05:03:23.830873+00:00,normal,m3_route_bypassed,1,17,4,17,6626,False
2026-07-22T05:04:02.029774+00:00,normal,m3_route_bypassed,1,18,1,26,6626,False
2026-07-22T05:04:02.029818+00:00,normal,m3_route_bypassed,1,18,2,15,6626,False
2026-07-22T05:04:02.029825+00:00,normal,m3_route_bypassed,1,18,3,17,6626,False
2026-07-22T05:04:02.029858+00:00,normal,m3_route_bypassed,1,18,4,14,6626,False
2026-07-22T05:04:40.247406+00:00,normal,m3_route_bypassed,1,19,1,15,6626,False
2026-07-22T05:04:40.247443+00:00,normal,m3_route_bypassed,1,19,2,15,6626,False
2026-07-22T05:04:40.247449+00:00,normal,m3_route_bypassed,1,19,3,15,6626,False
2026-07-22T05:04:40.247454+00:00,normal,m3_route_bypassed,1,19,4,15,6626,False
2026-07-22T05:05:18.765651+00:00,normal,m3_route_bypassed,1,20,1,22,6626,False
2026-07-22T05:05:18.765684+00:00,normal,m3_route_bypassed,1,20,2,23,6626,False
2026-07-22T05:05:18.765691+00:00,normal,m3_route_bypassed,1,20,3,1,6626,False
2026-07-22T05:05:18.765695+00:00,normal,m3_route_bypassed,1,20,4,13,6626,False
2026-07-22T05:05:57.228887+00:00,normal,m3_route_bypassed,1,21,1,26,6626,False
2026-07-22T05:05:57.229044+00:00,normal,m3_route_bypassed,1,21,2,26,6626,False
2026-07-22T05:05:57.229067+00:00,normal,m3_route_bypassed,1,21,3,18,6626,False
2026-07-22T05:05:57.229098+00:00,normal,m3_route_bypassed,1,21,4,19,6626,False
2026-07-22T05:06:35.533491+00:00,normal,m3_route_bypassed,1,22,1,18,6626,False
2026-07-22T05:06:35.533525+00:00,normal,m3_route_bypassed,1,22,2,22,6626,False
2026-07-22T05:06:35.533532+00:00,normal,m3_route_bypassed,1,22,3,17,6626,False
2026-07-22T05:06:35.533537+00:00,normal,m3_route_bypassed,1,22,4,15,6626,False
2026-07-22T05:07:13.727580+00:00,normal,m3_route_bypassed,1,23,1,25,6626,False
2026-07-22T05:07:13.727641+00:00,normal,m3_route_bypassed,1,23,2,16,6626,False
2026-07-22T05:07:13.727670+00:00,normal,m3_route_bypassed,1,23,3,17,6626,False
2026-07-22T05:07:13.727685+00:00,normal,m3_route_bypassed,1,23,4,18,6626,False
2026-07-22T05:07:51.939504+00:00,normal,m3_route_bypassed,1,24,1,15,6626,False
2026-07-22T05:07:51.939627+00:00,normal,m3_route_bypassed,1,24,2,13,6626,False
2026-07-22T05:07:51.939670+00:00,normal,m3_route_bypassed,1,24,3,15,6626,False
2026-07-22T05:07:51.939836+00:00,normal,m3_route_bypassed,1,24,4,16,6626,False
2026-07-22T05:08:30.094575+00:00,normal,m3_route_bypassed,1,25,1,15,6626,False
2026-07-22T05:08:30.094639+00:00,normal,m3_route_bypassed,1,25,2,15,6626,False
2026-07-22T05:08:30.094763+00:00,normal,m3_route_bypassed,1,25,3,16,6626,False
2026-07-22T05:08:30.094878+00:00,normal,m3_route_bypassed,1,25,4,15,6626,False
2026-07-22T05:09:08.257206+00:00,normal,m3_route_bypassed,1,26,1,9,6626,False
2026-07-22T05:09:08.257236+00:00,normal,m3_route_bypassed,1,26,2,15,6626,False
2026-07-22T05:09:08.257243+00:00,normal,m3_route_bypassed,1,26,3,16,6626,False
2026-07-22T05:09:08.257247+00:00,normal,m3_route_bypassed,1,26,4,15,6626,False
2026-07-22T05:09:46.938976+00:00,normal,m3_route_bypassed,1,27,1,22,6626,False
2026-07-22T05:09:46.939029+00:00,normal,m3_route_bypassed,1,27,2,20,6626,False
2026-07-22T05:09:46.939051+00:00,normal,m3_route_bypassed,1,27,3,16,6626,False
2026-07-22T05:09:46.939059+00:00,normal,m3_route_bypassed,1,27,4,17,6626,False
2026-07-22T05:10:25.096652+00:00,normal,m3_route_bypassed,1,28,1,16,6626,False
2026-07-22T05:10:25.096683+00:00,normal,m3_route_bypassed,1,28,2,15,6626,False
2026-07-22T05:10:25.096689+00:00,normal,m3_route_bypassed,1,28,3,16,6626,False
2026-07-22T05:10:25.096694+00:00,normal,m3_route_bypassed,1,28,4,16,6626,False
2026-07-22T05:11:03.258206+00:00,normal,m3_route_bypassed,1,29,1,15,6626,False
2026-07-22T05:11:03.258237+00:00,normal,m3_route_bypassed,1,29,2,15,6626,False
2026-07-22T05:11:03.258243+00:00,normal,m3_route_bypassed,1,29,3,13,6626,False
2026-07-22T05:11:03.258248+00:00,normal,m3_route_bypassed,1,29,4,16,6626,False
2026-07-22T05:11:41.438364+00:00,normal,m3_route_bypassed,1,30,1,16,6626,False
2026-07-22T05:11:41.438397+00:00,normal,m3_route_bypassed,1,30,2,15,6626,False
2026-07-22T05:11:41.438406+00:00,normal,m3_route_bypassed,1,30,3,15,6626,False
2026-07-22T05:11:41.438413+00:00,normal,m3_route_bypassed,1,30,4,15,6626,False
2026-07-22T05:12:19.633796+00:00,normal,m3_route_bypassed,1,31,1,14,6626,False
2026-07-22T05:12:19.633832+00:00,normal,m3_route_bypassed,1,31,2,15,6626,False
2026-07-22T05:12:19.633839+00:00,normal,m3_route_bypassed,1,31,3,18,6626,False
2026-07-22T05:12:19.633843+00:00,normal,m3_route_bypassed,1,31,4,15,6626,False
2026-07-22T05:12:57.938981+00:00,normal,m3_route_bypassed,1,32,1,16,6626,False
2026-07-22T05:12:57.939017+00:00,normal,m3_route_bypassed,1,32,2,15,6626,False
2026-07-22T05:12:57.939024+00:00,normal,m3_route_bypassed,1,32,3,21,6626,False
2026-07-22T05:12:57.939028+00:00,normal,m3_route_bypassed,1,32,4,19,6626,False
2026-07-22T05:13:36.106142+00:00,normal,m3_route_bypassed,1,33,1,13,6626,False
2026-07-22T05:13:36.106737+00:00,normal,m3_route_bypassed,1,33,2,15,6626,False
2026-07-22T05:13:36.106744+00:00,normal,m3_route_bypassed,1,33,3,15,6626,False
2026-07-22T05:13:36.106749+00:00,normal,m3_route_bypassed,1,33,4,15,6626,False
2026-07-22T05:14:14.279791+00:00,normal,m3_route_bypassed,1,34,1,15,6626,False
2026-07-22T05:14:14.279822+00:00,normal,m3_route_bypassed,1,34,2,16,6626,False
2026-07-22T05:14:14.279828+00:00,normal,m3_route_bypassed,1,34,3,16,6626,False
2026-07-22T05:14:14.279833+00:00,normal,m3_route_bypassed,1,34,4,16,6626,False
2026-07-22T05:14:52.439462+00:00,normal,m3_route_bypassed,1,35,1,15,6626,False
2026-07-22T05:14:52.439494+00:00,normal,m3_route_bypassed,1,35,2,15,6626,False
2026-07-22T05:14:52.439500+00:00,normal,m3_route_bypassed,1,35,3,15,6626,False
2026-07-22T05:14:52.439504+00:00,normal,m3_route_bypassed,1,35,4,15,6626,False
2026-07-22T05:15:31.031080+00:00,normal,m3_route_bypassed,1,36,1,20,6626,False
2026-07-22T05:15:31.031113+00:00,normal,m3_route_bypassed,1,36,2,20,6626,False
2026-07-22T05:15:31.031119+00:00,normal,m3_route_bypassed,1,36,3,10,6626,False
2026-07-22T05:15:31.031124+00:00,normal,m3_route_bypassed,1,36,4,10,6626,False
2026-07-22T05:16:09.557751+00:00,normal,m3_route_bypassed,1,37,1,18,6626,False
2026-07-22T05:16:09.557808+00:00,normal,m3_route_bypassed,1,37,2,23,6626,False
2026-07-22T05:16:09.557821+00:00,normal,m3_route_bypassed,1,37,3,23,6626,False
2026-07-22T05:16:09.557826+00:00,normal,m3_route_bypassed,1,37,4,19,6626,False
2026-07-22T05:16:47.703205+00:00,normal,m3_route_bypassed,1,38,1,15,6626,False
2026-07-22T05:16:47.703237+00:00,normal,m3_route_bypassed,1,38,2,16,6626,False
2026-07-22T05:16:47.703243+00:00,normal,m3_route_bypassed,1,38,3,16,6626,False
2026-07-22T05:16:47.703248+00:00,normal,m3_route_bypassed,1,38,4,15,6626,False
2026-07-22T05:17:26.189577+00:00,normal,m3_route_bypassed,1,39,1,22,6626,False
2026-07-22T05:17:26.189611+00:00,normal,m3_route_bypassed,1,39,2,8,6626,False
2026-07-22T05:17:26.189644+00:00,normal,m3_route_bypassed,1,39,3,21,6626,False
2026-07-22T05:17:26.189658+00:00,normal,m3_route_bypassed,1,39,4,26,6626,False
2026-07-22T05:18:04.396309+00:00,normal,m3_route_bypassed,1,40,1,9,6626,False
2026-07-22T05:18:04.396342+00:00,normal,m3_route_bypassed,1,40,2,16,6626,False
2026-07-22T05:18:04.396349+00:00,normal,m3_route_bypassed,1,40,3,15,6626,False
2026-07-22T05:18:04.396354+00:00,normal,m3_route_bypassed,1,40,4,25,6626,False
2026-07-22T05:18:42.957935+00:00,normal,m3_route_bypassed,1,41,1,22,6626,False
2026-07-22T05:18:42.957973+00:00,normal,m3_route_bypassed,1,41,2,7,6626,False
2026-07-22T05:18:42.957979+00:00,normal,m3_route_bypassed,1,41,3,23,6626,False
2026-07-22T05:18:42.957984+00:00,normal,m3_route_bypassed,1,41,4,22,6626,False
2026-07-22T05:19:21.195626+00:00,normal,m3_route_bypassed,1,42,1,8,6626,False
2026-07-22T05:19:21.195657+00:00,normal,m3_route_bypassed,1,42,2,16,6626,False
2026-07-22T05:19:21.195663+00:00,normal,m3_route_bypassed,1,42,3,9,6626,False
2026-07-22T05:19:21.195667+00:00,normal,m3_route_bypassed,1,42,4,9,6626,False
2026-07-22T05:19:59.366726+00:00,normal,m3_route_bypassed,1,43,1,16,6626,False
2026-07-22T05:19:59.366756+00:00,normal,m3_route_bypassed,1,43,2,15,6626,False
2026-07-22T05:19:59.366762+00:00,normal,m3_route_bypassed,1,43,3,16,6626,False
2026-07-22T05:19:59.366767+00:00,normal,m3_route_bypassed,1,43,4,16,6626,False
2026-07-22T05:20:37.527246+00:00,normal,m3_route_bypassed,1,44,1,15,6626,False
2026-07-22T05:20:37.527277+00:00,normal,m3_route_bypassed,1,44,2,15,6626,False
2026-07-22T05:20:37.527283+00:00,normal,m3_route_bypassed,1,44,3,15,6626,False
2026-07-22T05:20:37.527288+00:00,normal,m3_route_bypassed,1,44,4,13,6626,False
2026-07-22T05:21:15.690483+00:00,normal,m3_route_bypassed,1,45,1,15,6626,False
2026-07-22T05:21:15.690514+00:00,normal,m3_route_bypassed,1,45,2,13,6626,False
2026-07-22T05:21:15.690521+00:00,normal,m3_route_bypassed,1,45,3,15,6626,False
2026-07-22T05:21:15.690525+00:00,normal,m3_route_bypassed,1,45,4,16,6626,False
2026-07-22T05:21:53.862836+00:00,normal,m3_route_bypassed,1,46,1,16,6626,False
2026-07-22T05:21:53.862866+00:00,normal,m3_route_bypassed,1,46,2,16,6626,False
2026-07-22T05:21:53.862872+00:00,normal,m3_route_bypassed,1,46,3,16,6626,False
2026-07-22T05:21:53.862877+00:00,normal,m3_route_bypassed,1,46,4,15,6626,False
2026-07-22T05:22:32.028880+00:00,normal,m3_route_bypassed,1,47,1,15,6626,False
2026-07-22T05:22:32.028920+00:00,normal,m3_route_bypassed,1,47,2,15,6626,False
2026-07-22T05:22:32.028927+00:00,normal,m3_route_bypassed,1,47,3,15,6626,False
2026-07-22T05:22:32.028932+00:00,normal,m3_route_bypassed,1,47,4,5,6626,False
2026-07-22T05:23:10.199324+00:00,normal,m3_route_bypassed,1,48,1,15,6626,False
2026-07-22T05:23:10.199355+00:00,normal,m3_route_bypassed,1,48,2,15,6626,False
2026-07-22T05:23:10.199362+00:00,normal,m3_route_bypassed,1,48,3,15,6626,False
2026-07-22T05:23:10.199366+00:00,normal,m3_route_bypassed,1,48,4,15,6626,False
2026-07-22T05:23:48.346654+00:00,normal,m3_route_bypassed,1,49,1,15,6626,False
2026-07-22T05:23:48.346688+00:00,normal,m3_route_bypassed,1,49,2,15,6626,False
2026-07-22T05:23:48.346694+00:00,normal,m3_route_bypassed,1,49,3,15,6626,False
2026-07-22T05:23:48.346700+00:00,normal,m3_route_bypassed,1,49,4,16,6626,False
2026-07-22T05:24:27.247182+00:00,normal,m3_route_bypassed,1,50,1,9,6626,False
2026-07-22T05:24:27.247221+00:00,normal,m3_route_bypassed,1,50,2,6,6626,False
2026-07-22T05:24:27.247227+00:00,normal,m3_route_bypassed,1,50,3,23,6626,False
2026-07-22T05:24:27.247232+00:00,normal,m3_route_bypassed,1,50,4,16,6626,False
2026-07-22T05:25:05.398238+00:00,normal,m3_route_bypassed,1,51,1,15,6626,False
2026-07-22T05:25:05.398272+00:00,normal,m3_route_bypassed,1,51,2,15,6626,False
2026-07-22T05:25:05.398279+00:00,normal,m3_route_bypassed,1,51,3,15,6626,False
2026-07-22T05:25:05.398284+00:00,normal,m3_route_bypassed,1,51,4,17,6626,False
2026-07-22T05:25:43.706568+00:00,normal,m3_route_bypassed,1,52,1,23,6626,False
2026-07-22T05:25:43.706599+00:00,normal,m3_route_bypassed,1,52,2,8,6626,False
2026-07-22T05:25:43.706605+00:00,normal,m3_route_bypassed,1,52,3,14,6626,False
2026-07-22T05:25:43.706610+00:00,normal,m3_route_bypassed,1,52,4,14,6626,False
2026-07-22T05:26:21.879564+00:00,normal,m3_route_bypassed,1,53,1,15,6626,False
2026-07-22T05:26:21.879596+00:00,normal,m3_route_bypassed,1,53,2,16,6626,False
2026-07-22T05:26:21.879602+00:00,normal,m3_route_bypassed,1,53,3,15,6626,False
2026-07-22T05:26:21.879606+00:00,normal,m3_route_bypassed,1,53,4,16,6626,False
2026-07-22T05:27:00.122227+00:00,normal,m3_route_bypassed,1,54,1,9,6626,False
2026-07-22T05:27:00.122261+00:00,normal,m3_route_bypassed,1,54,2,11,6626,False
2026-07-22T05:27:00.122267+00:00,normal,m3_route_bypassed,1,54,3,16,6626,False
2026-07-22T05:27:00.122272+00:00,normal,m3_route_bypassed,1,54,4,16,6626,False
2026-07-22T05:27:38.299343+00:00,normal,m3_route_bypassed,1,55,1,15,6626,False
2026-07-22T05:27:38.299375+00:00,normal,m3_route_bypassed,1,55,2,15,6626,False
2026-07-22T05:27:38.299382+00:00,normal,m3_route_bypassed,1,55,3,15,6626,False
2026-07-22T05:27:38.299386+00:00,normal,m3_route_bypassed,1,55,4,14,6626,False
2026-07-22T05:28:16.628542+00:00,normal,m3_route_bypassed,1,56,1,17,6626,False
2026-07-22T05:28:16.628592+00:00,normal,m3_route_bypassed,1,56,2,14,6626,False
2026-07-22T05:28:16.628599+00:00,normal,m3_route_bypassed,1,56,3,20,6626,False
2026-07-22T05:28:16.628604+00:00,normal,m3_route_bypassed,1,56,4,21,6626,False
2026-07-22T05:28:54.774470+00:00,normal,m3_route_bypassed,1,57,1,18,6626,False
2026-07-22T05:28:54.774505+00:00,normal,m3_route_bypassed,1,57,2,13,6626,False
2026-07-22T05:28:54.774512+00:00,normal,m3_route_bypassed,1,57,3,14,6626,False
2026-07-22T05:28:54.774517+00:00,normal,m3_route_bypassed,1,57,4,15,6626,False
2026-07-22T05:29:32.935046+00:00,normal,m3_route_bypassed,1,58,1,16,6626,False
2026-07-22T05:29:32.935078+00:00,normal,m3_route_bypassed,1,58,2,15,6626,False
2026-07-22T05:29:32.935084+00:00,normal,m3_route_bypassed,1,58,3,16,6626,False
2026-07-22T05:29:32.935089+00:00,normal,m3_route_bypassed,1,58,4,16,6626,False
2026-07-22T05:30:11.199864+00:00,normal,m3_route_bypassed,1,59,1,13,6626,False
2026-07-22T05:30:11.199900+00:00,normal,m3_route_bypassed,1,59,2,16,6626,False
2026-07-22T05:30:11.199907+00:00,normal,m3_route_bypassed,1,59,3,20,6626,False
2026-07-22T05:30:11.199912+00:00,normal,m3_route_bypassed,1,59,4,15,6626,False
2026-07-22T05:30:50.027683+00:00,normal,m3_route_bypassed,1,60,1,26,6626,False
2026-07-22T05:30:50.027717+00:00,normal,m3_route_bypassed,1,60,2,25,6626,False
2026-07-22T05:30:50.027724+00:00,normal,m3_route_bypassed,1,60,3,0,6626,False
2026-07-22T05:30:50.027729+00:00,normal,m3_route_bypassed,1,60,4,5,6626,False
2026-07-22T05:31:28.528402+00:00,normal,m3_route_bypassed,1,61,1,17,6626,False
2026-07-22T05:31:28.528445+00:00,normal,m3_route_bypassed,1,61,2,16,6626,False
2026-07-22T05:31:28.528550+00:00,normal,m3_route_bypassed,1,61,3,22,6626,False
2026-07-22T05:31:28.528558+00:00,normal,m3_route_bypassed,1,61,4,18,6626,False
2026-07-22T05:32:06.697074+00:00,normal,m3_route_bypassed,1,62,1,16,6626,False
2026-07-22T05:32:06.697106+00:00,normal,m3_route_bypassed,1,62,2,14,6626,False
2026-07-22T05:32:06.697112+00:00,normal,m3_route_bypassed,1,62,3,15,6626,False
2026-07-22T05:32:06.697116+00:00,normal,m3_route_bypassed,1,62,4,15,6626,False
2026-07-22T05:32:44.844023+00:00,normal,m3_route_bypassed,1,63,1,15,6626,False
2026-07-22T05:32:44.844055+00:00,normal,m3_route_bypassed,1,63,2,16,6626,False
2026-07-22T05:32:44.844068+00:00,normal,m3_route_bypassed,1,63,3,16,6626,False
2026-07-22T05:32:44.844094+00:00,normal,m3_route_bypassed,1,63,4,9,6626,False
2026-07-22T05:33:23.275994+00:00,normal,m3_route_bypassed,1,64,1,7,6626,False
2026-07-22T05:33:23.276024+00:00,normal,m3_route_bypassed,1,64,2,20,6626,False
2026-07-22T05:33:23.276031+00:00,normal,m3_route_bypassed,1,64,3,11,6626,False
2026-07-22T05:33:23.276036+00:00,normal,m3_route_bypassed,1,64,4,6,6626,False
2026-07-22T05:34:01.439178+00:00,normal,m3_route_bypassed,1,65,1,16,6626,False
2026-07-22T05:34:01.439212+00:00,normal,m3_route_bypassed,1,65,2,15,6626,False
2026-07-22T05:34:01.439219+00:00,normal,m3_route_bypassed,1,65,3,14,6626,False
2026-07-22T05:34:01.439224+00:00,normal,m3_route_bypassed,1,65,4,16,6626,False
2026-07-22T05:34:39.628049+00:00,normal,m3_route_bypassed,1,66,1,16,6626,False
2026-07-22T05:34:39.628144+00:00,normal,m3_route_bypassed,1,66,2,16,6626,False
2026-07-22T05:34:39.628178+00:00,normal,m3_route_bypassed,1,66,3,16,6626,False
2026-07-22T05:34:39.628200+00:00,normal,m3_route_bypassed,1,66,4,15,6626,False
2026-07-22T05:35:17.791581+00:00,normal,m3_route_bypassed,1,67,1,15,6626,False
2026-07-22T05:35:17.791612+00:00,normal,m3_route_bypassed,1,67,2,15,6626,False
2026-07-22T05:35:17.791619+00:00,normal,m3_route_bypassed,1,67,3,15,6626,False
2026-07-22T05:35:17.791623+00:00,normal,m3_route_bypassed,1,67,4,15,6626,False
2026-07-22T05:35:55.959415+00:00,normal,m3_route_bypassed,1,68,1,15,6626,False
2026-07-22T05:35:55.959446+00:00,normal,m3_route_bypassed,1,68,2,16,6626,False
2026-07-22T05:35:55.959452+00:00,normal,m3_route_bypassed,1,68,3,16,6626,False
2026-07-22T05:35:55.959457+00:00,normal,m3_route_bypassed,1,68,4,16,6626,False
2026-07-22T05:36:34.126559+00:00,normal,m3_route_bypassed,1,69,1,10,6626,False
2026-07-22T05:36:34.126589+00:00,normal,m3_route_bypassed,1,69,2,16,6626,False
2026-07-22T05:36:34.126596+00:00,normal,m3_route_bypassed,1,69,3,15,6626,False
2026-07-22T05:36:34.126601+00:00,normal,m3_route_bypassed,1,69,4,16,6626,False
2026-07-22T05:37:12.282891+00:00,normal,m3_route_bypassed,1,70,1,15,6629,False
2026-07-22T05:37:12.282920+00:00,normal,m3_route_bypassed,1,70,2,15,6629,False
2026-07-22T05:37:12.282927+00:00,normal,m3_route_bypassed,1,70,3,17,6629,False
2026-07-22T05:37:12.282932+00:00,normal,m3_route_bypassed,1,70,4,13,6629,False
2026-07-22T05:37:50.428388+00:00,normal,m3_route_bypassed,1,71,1,16,6629,False
2026-07-22T05:37:50.428418+00:00,normal,m3_route_bypassed,1,71,2,16,6629,False
2026-07-22T05:37:50.428424+00:00,normal,m3_route_bypassed,1,71,3,16,6629,False
2026-07-22T05:37:50.428429+00:00,normal,m3_route_bypassed,1,71,4,16,6629,False
2026-07-22T05:38:28.622346+00:00,normal,m3_route_bypassed,1,72,1,23,6629,False
2026-07-22T05:38:28.622379+00:00,normal,m3_route_bypassed,1,72,2,9,6629,False
2026-07-22T05:38:28.622385+00:00,normal,m3_route_bypassed,1,72,3,34,6629,False
2026-07-22T05:38:28.622390+00:00,normal,m3_route_bypassed,1,72,4,21,6629,False
2026-07-22T05:39:07.279583+00:00,normal,m3_route_bypassed,1,73,1,19,6629,False
2026-07-22T05:39:07.279615+00:00,normal,m3_route_bypassed,1,73,2,22,6630,False
2026-07-22T05:39:07.279631+00:00,normal,m3_route_bypassed,1,73,3,22,6629,False
2026-07-22T05:39:07.279644+00:00,normal,m3_route_bypassed,1,73,4,20,6629,False
2026-07-22T05:39:45.766455+00:00,normal,m3_route_bypassed,1,74,1,29,6629,False
2026-07-22T05:39:45.766485+00:00,normal,m3_route_bypassed,1,74,2,19,6629,False
2026-07-22T05:39:45.766492+00:00,normal,m3_route_bypassed,1,74,3,9,6629,False
2026-07-22T05:39:45.766496+00:00,normal,m3_route_bypassed,1,74,4,15,6629,False
2026-07-22T05:40:24.010122+00:00,normal,m3_route_bypassed,1,75,1,16,6629,False
2026-07-22T05:40:24.010160+00:00,normal,m3_route_bypassed,1,75,2,17,6629,False
2026-07-22T05:40:24.010168+00:00,normal,m3_route_bypassed,1,75,3,18,6629,False
2026-07-22T05:40:24.010197+00:00,normal,m3_route_bypassed,1,75,4,20,6629,False
2026-07-22T05:41:02.163908+00:00,normal,m3_route_bypassed,1,76,1,17,6629,False
2026-07-22T05:41:02.163940+00:00,normal,m3_route_bypassed,1,76,2,5,6629,False
2026-07-22T05:41:02.163946+00:00,normal,m3_route_bypassed,1,76,3,17,6629,False
2026-07-22T05:41:02.163950+00:00,normal,m3_route_bypassed,1,76,4,15,6629,False
2026-07-22T05:41:40.344085+00:00,normal,m3_route_bypassed,1,77,1,16,6629,False
2026-07-22T05:41:40.344115+00:00,normal,m3_route_bypassed,1,77,2,15,6629,False
2026-07-22T05:41:40.344122+00:00,normal,m3_route_bypassed,1,77,3,15,6629,False
2026-07-22T05:41:40.344126+00:00,normal,m3_route_bypassed,1,77,4,15,6629,False
2026-07-22T05:42:18.497113+00:00,normal,m3_route_bypassed,1,78,1,15,6622,False
2026-07-22T05:42:18.497144+00:00,normal,m3_route_bypassed,1,78,2,15,6622,False
2026-07-22T05:42:18.497151+00:00,normal,m3_route_bypassed,1,78,3,19,6622,False
2026-07-22T05:42:18.497155+00:00,normal,m3_route_bypassed,1,78,4,14,6622,False
2026-07-22T05:42:56.674503+00:00,normal,m3_route_bypassed,1,79,1,9,6622,False
2026-07-22T05:42:56.674535+00:00,normal,m3_route_bypassed,1,79,2,9,6622,False
2026-07-22T05:42:56.674542+00:00,normal,m3_route_bypassed,1,79,3,14,6622,False
2026-07-22T05:42:56.674547+00:00,normal,m3_route_bypassed,1,79,4,20,6622,False
2026-07-22T05:43:34.908070+00:00,normal,m3_route_bypassed,1,80,1,16,6622,False
2026-07-22T05:43:34.908101+00:00,normal,m3_route_bypassed,1,80,2,9,6622,False
2026-07-22T05:43:34.908108+00:00,normal,m3_route_bypassed,1,80,3,5,6622,False
2026-07-22T05:43:34.908113+00:00,normal,m3_route_bypassed,1,80,4,23,6622,False
2026-07-22T05:44:13.086570+00:00,normal,m3_route_bypassed,1,81,1,16,6622,False
2026-07-22T05:44:13.086611+00:00,normal,m3_route_bypassed,1,81,2,10,6622,False
2026-07-22T05:44:13.086647+00:00,normal,m3_route_bypassed,1,81,3,16,6622,False
2026-07-22T05:44:13.086676+00:00,normal,m3_route_bypassed,1,81,4,15,6622,False
2026-07-22T05:44:50.576484+00:00,normal,m3_route_bypassed,1,1,1,16,6628,True
2026-07-22T05:44:50.576529+00:00,normal,m3_route_bypassed,1,1,2,3,6666,True
2026-07-22T05:44:50.576538+00:00,normal,m3_route_bypassed,1,1,3,11,6578,True
2026-07-22T05:44:50.576543+00:00,normal,m3_route_bypassed,1,1,4,18,6559,True
2026-07-22T06:00:35.139159+00:00,mixed,m3_route_bypassed,1,1,1,15,6559,True
2026-07-22T06:00:35.139252+00:00,mixed,m3_route_bypassed,1,1,2,15,6559,True
2026-07-22T06:00:35.139264+00:00,mixed,m3_route_bypassed,1,1,3,14,6559,True
2026-07-22T06:00:35.139274+00:00,mixed,m3_route_bypassed,1,1,4,14,6559,True
2026-07-22T06:16:33.656221+00:00,mixed,m3_route_on,1,1,1,15,6559,True
2026-07-22T06:16:33.656254+00:00,mixed,m3_route_on,1,1,2,15,6559,True
2026-07-22T06:16:33.656322+00:00,mixed,m3_route_on,1,1,3,24,6559,True
2026-07-22T06:16:33.656327+00:00,mixed,m3_route_on,1,1,4,9,6559,True
2026-07-22T06:31:06.859638+00:00,kinetic,m3_route_on,1,1,1,9,6559,False
2026-07-22T06:31:06.859671+00:00,kinetic,m3_route_on,1,1,2,18,6559,False
2026-07-22T06:31:06.859677+00:00,kinetic,m3_route_on,1,1,3,16,6559,False
2026-07-22T06:31:06.860196+00:00,kinetic,m3_route_on,1,1,4,16,6559,False
2026-07-22T06:31:45.193680+00:00,kinetic,m3_route_on,1,2,1,20,6559,False
2026-07-22T06:31:45.193709+00:00,kinetic,m3_route_on,1,2,2,22,6559,False
2026-07-22T06:31:45.193899+00:00,kinetic,m3_route_on,1,2,3,22,6559,False
2026-07-22T06:31:45.193905+00:00,kinetic,m3_route_on,1,2,4,19,6559,False
2026-07-22T06:32:23.364749+00:00,kinetic,m3_route_on,1,3,1,14,6559,True
2026-07-22T06:32:23.365225+00:00,kinetic,m3_route_on,1,3,2,14,6559,True
2026-07-22T06:32:23.365236+00:00,kinetic,m3_route_on,1,3,3,15,6559,True
2026-07-22T06:32:23.365241+00:00,kinetic,m3_route_on,1,3,4,10,6559,True
2026-07-22T07:01:04.859193+00:00,kinetic,m3_route_bypassed,1,1,1,4,6669,True
2026-07-22T07:01:04.859229+00:00,kinetic,m3_route_bypassed,1,1,2,11,6669,True
2026-07-22T07:01:04.859236+00:00,kinetic,m3_route_bypassed,1,1,3,10,6669,True
2026-07-22T07:01:04.859321+00:00,kinetic,m3_route_bypassed,1,1,4,14,6669,True
2026-07-22T07:26:45.682587+00:00,normal,m3_route_bypassed,2,1,1,3,6669,True
2026-07-22T07:26:45.682619+00:00,normal,m3_route_bypassed,2,1,2,8,6669,True
2026-07-22T07:26:45.682626+00:00,normal,m3_route_bypassed,2,1,3,14,6669,True
2026-07-22T07:26:45.682631+00:00,normal,m3_route_bypassed,2,1,4,15,6669,True
2026-07-22T07:44:48.100506+00:00,normal,m3_route_on,2,1,1,15,6638,True
2026-07-22T07:44:48.100542+00:00,normal,m3_route_on,2,1,2,15,6638,True
2026-07-22T07:44:48.100549+00:00,normal,m3_route_on,2,1,3,15,6638,True
2026-07-22T07:44:48.100553+00:00,normal,m3_route_on,2,1,4,15,6638,True
2026-07-22T08:00:03.774621+00:00,mixed,m3_route_on,2,1,1,13,6638,True
2026-07-22T08:00:03.774902+00:00,mixed,m3_route_on,2,1,2,14,6638,True
2026-07-22T08:00:03.774909+00:00,mixed,m3_route_on,2,1,3,16,6638,True
2026-07-22T08:00:03.774915+00:00,mixed,m3_route_on,2,1,4,16,6638,True
2026-07-22T08:17:36.348265+00:00,mixed,m3_route_bypassed,2,1,1,18,6638,False
2026-07-22T08:17:36.348530+00:00,mixed,m3_route_bypassed,2,1,2,18,6638,False
2026-07-22T08:17:36.348808+00:00,mixed,m3_route_bypassed,2,1,3,15,6638,False
2026-07-22T08:17:36.348814+00:00,mixed,m3_route_bypassed,2,1,4,16,6638,False
2026-07-22T08:18:14.510840+00:00,mixed,m3_route_bypassed,2,2,1,12,6638,True
2026-07-22T08:18:14.510869+00:00,mixed,m3_route_bypassed,2,2,2,8,6638,True
2026-07-22T08:18:14.511329+00:00,mixed,m3_route_bypassed,2,2,3,12,6638,True
2026-07-22T08:18:14.511337+00:00,mixed,m3_route_bypassed,2,2,4,7,6638,True
2026-07-22T08:34:49.024096+00:00,kinetic,m3_route_bypassed,2,1,1,14,6638,True
2026-07-22T08:34:49.024129+00:00,kinetic,m3_route_bypassed,2,1,2,12,6638,True
2026-07-22T08:34:49.024513+00:00,kinetic,m3_route_bypassed,2,1,3,15,6638,True
2026-07-22T08:34:49.024549+00:00,kinetic,m3_route_bypassed,2,1,4,15,6638,True
2026-07-22T08:56:33.993816+00:00,kinetic,m3_route_on,2,1,1,6,6626,True
2026-07-22T08:56:33.993849+00:00,kinetic,m3_route_on,2,1,2,7,6626,True
2026-07-22T08:56:33.994245+00:00,kinetic,m3_route_on,2,1,3,7,6626,True
2026-07-22T08:56:33.994409+00:00,kinetic,m3_route_on,2,1,4,9,6626,True
2026-07-22T09:16:47.993340+00:00,kinetic,m3_route_on,3,1,1,14,6626,False
2026-07-22T09:16:47.993553+00:00,kinetic,m3_route_on,3,1,2,16,6626,False
2026-07-22T09:16:47.993560+00:00,kinetic,m3_route_on,3,1,3,17,6626,False
2026-07-22T09:16:47.993565+00:00,kinetic,m3_route_on,3,1,4,16,6626,False
2026-07-22T09:17:26.185327+00:00,kinetic,m3_route_on,3,2,1,13,6626,False
2026-07-22T09:17:26.185614+00:00,kinetic,m3_route_on,3,2,2,16,6626,False
2026-07-22T09:17:26.185882+00:00,kinetic,m3_route_on,3,2,3,15,6626,False
2026-07-22T09:17:26.185964+00:00,kinetic,m3_route_on,3,2,4,16,6626,False
2026-07-22T09:18:04.492845+00:00,kinetic,m3_route_on,3,3,1,7,6626,True
2026-07-22T09:18:04.492874+00:00,kinetic,m3_route_on,3,3,2,9,6626,True
2026-07-22T09:18:04.493345+00:00,kinetic,m3_route_on,3,3,3,9,6626,True
2026-07-22T09:18:04.493356+00:00,kinetic,m3_route_on,3,3,4,15,6626,True
2026-07-22T09:39:25.921451+00:00,kinetic,m3_route_bypassed,3,1,1,9,6626,True
2026-07-22T09:39:25.921481+00:00,kinetic,m3_route_bypassed,3,1,2,16,6626,True
2026-07-22T09:39:25.921488+00:00,kinetic,m3_route_bypassed,3,1,3,14,6626,True
2026-07-22T09:39:25.921492+00:00,kinetic,m3_route_bypassed,3,1,4,16,6626,True
2026-07-22T10:00:29.889482+00:00,normal,m3_route_bypassed,3,1,1,4,6621,True
2026-07-22T10:00:29.889918+00:00,normal,m3_route_bypassed,3,1,2,12,6621,True
2026-07-22T10:00:29.889927+00:00,normal,m3_route_bypassed,3,1,3,12,6621,True
2026-07-22T10:00:29.889932+00:00,normal,m3_route_bypassed,3,1,4,6,6621,True
2026-07-22T10:17:17.226750+00:00,normal,m3_route_on,3,1,1,6,6621,True
2026-07-22T10:17:17.227235+00:00,normal,m3_route_on,3,1,2,6,6621,True
2026-07-22T10:17:17.228861+00:00,normal,m3_route_on,3,1,3,18,6621,True
2026-07-22T10:17:17.229419+00:00,normal,m3_route_on,3,1,4,6,6621,True
2026-07-22T10:37:05.911272+00:00,mixed,m3_route_on,3,1,1,4,6621,True
2026-07-22T10:37:05.911812+00:00,mixed,m3_route_on,3,1,2,21,6621,True
2026-07-22T10:37:05.911821+00:00,mixed,m3_route_on,3,1,3,8,6621,True
2026-07-22T10:37:05.912048+00:00,mixed,m3_route_on,3,1,4,8,6621,True
2026-07-22T10:53:00.609526+00:00,mixed,m3_route_bypassed,3,1,1,14,6621,True
2026-07-22T10:53:00.609557+00:00,mixed,m3_route_bypassed,3,1,2,10,6621,True
2026-07-22T10:53:00.610108+00:00,mixed,m3_route_bypassed,3,1,3,10,6621,True
2026-07-22T10:53:00.610117+00:00,mixed,m3_route_bypassed,3,1,4,10,6621,True
