elapsed_sec,source_time_sec,measurement,gpu_util_percent,memory_used_mb,power_w,temperature_c
0.500113100046292,0.0,False,5.0,7342.0,71.54,50.0
1.0045180001761764,1.3333217695381883,False,7.0,7342.0,88.32,50.0
2.0021222000941634,3.833300087422291,False,7.0,7342.0,90.08,50.0
3.36802770011127,6.133280139875666,False,4.0,7912.0,90.24,50.0
4.112047499977052,6.633275803452487,False,3.0,7912.0,89.62,50.0
5.14270310010761,6.899940157360124,False,4.0,7912.0,92.45,50.0
6.014649200020358,9.266586298290408,False,8.0,7912.0,91.67,50.0
7.0450491001829505,11.399901129551509,False,4.0,7912.0,67.98,49.0
8.231483699986711,11.766564616174511,False,4.0,7912.0,72.34,49.0
9.568182200193405,12.133228102797514,False,4.0,7912.0,61.23,49.0
10.265003400156274,12.266560279751332,False,4.0,7912.0,71.3,49.0
11.350323700113222,12.53322463365897,False,5.0,7912.0,69.85,50.0
12.141301500145346,12.766555943328152,False,10.0,7912.0,60.04,49.0
13.282912699971348,13.03322029723579,False,3.0,7912.0,99.87,50.0
14.000347499968484,13.16655247418961,False,16.0,7912.0,100.93,51.0
15.268569300184026,13.399883783858792,False,4.0,7912.0,78.56,50.0
16.023767600068823,13.633215093527975,False,4.0,7912.0,62.08,49.0
17.25879820017144,14.033211624389432,False,4.0,7912.0,72.08,49.0
18.48959770007059,14.266542934058615,False,14.0,7912.0,66.48,49.0
19.113559500081465,14.399875111012433,False,3.0,7912.0,63.57,49.0
20.497114700032398,14.633206420681617,False,8.0,7912.0,86.92,50.0
21.085558800026774,14.766538597635435,False,3.0,7912.0,98.46,50.0
22.340246200095862,15.266534261212255,False,5.0,7912.0,98.22,50.0
23.441238000057638,15.533198615119893,False,28.0,7912.0,69.53,51.0
24.072164700133726,15.633197747835258,False,4.0,7912.0,68.09,49.0
25.34168229997158,15.899862101742896,False,9.0,7912.0,67.6,49.0
26.38934630015865,16.266525588365898,False,22.0,7912.0,98.54,52.0
27.000469400081784,16.6331890749889,False,17.0,7912.0,107.5,51.0
28.18402889999561,17.13318473856572,False,3.0,7912.0,76.53,50.0
29.22824289998971,17.399849092473357,False,4.0,7912.0,68.72,50.0
30.25575440004468,17.89984475605018,False,3.0,7912.0,67.08,49.0
31.421123299980536,18.26650824267318,False,22.0,7912.0,73.15,50.0
32.52764270012267,18.63317172929618,False,3.0,7912.0,65.8,49.0
33.2109026000835,18.76650390625,False,3.0,7912.0,68.03,49.0
34.02818540018052,19.26649956982682,False,16.0,7912.0,72.52,50.0
35.0262393001467,22.03314224161856,False,10.0,7912.0,69.18,50.0
36.01031430019066,23.399797055395204,False,6.0,7912.0,69.94,50.0
37.21546100010164,24.399788382548845,False,3.0,7912.0,78.43,50.0
38.33420160016976,24.633119692218028,False,3.0,7912.0,74.54,49.0
39.01691520004533,25.266447532748668,False,25.0,7912.0,70.04,51.0
40.47159620001912,26.76643452347913,False,17.0,7912.0,62.63,50.0
41.256243700161576,27.53309454096359,False,3.0,7912.0,66.62,49.0
42.23807239998132,27.76642585063277,False,3.0,7912.0,64.61,49.0
43.106545800110325,28.033090204540407,False,3.0,7912.0,69.24,50.0
44.18070110003464,28.39975369116341,False,3.0,7912.0,69.42,50.0
45.044117300072685,29.399745018317052,False,4.0,7912.0,63.71,49.0
46.39560230006464,29.766408504940053,False,25.0,7912.0,77.73,51.0
47.3225223000627,30.033072858847692,False,27.0,7912.0,72.87,50.0
48.161249600118026,30.266404168516875,False,4.0,7912.0,72.25,50.0
49.29303500009701,30.766399832093693,False,4.0,7912.0,65.33,49.0
50.00199560006149,30.999731141762876,False,26.0,7912.0,64.76,50.0
51.34050679998472,31.399727672624334,False,6.0,7912.0,83.14,51.0
52.00274180015549,31.599725938055062,False,19.0,7912.0,101.21,51.0
53.146880300017074,32.03305551315497,False,3.0,7912.0,93.64,50.0
54.30301919998601,32.26638682282416,False,6.0,7912.0,71.37,50.0
55.47158240014687,32.533051176731796,False,15.0,7912.0,67.44,50.0
56.17710640002042,33.033046840308614,False,3.0,7912.0,71.87,50.0
57.033374099992216,33.6330416366008,False,26.0,7912.0,65.3,51.0
58.13097469997592,35.133028627331264,False,4.0,7912.0,67.52,49.0
59.02924030018039,37.5330078125,False,19.0,7912.0,70.0,50.0
60.56470620003529,37.899671299123,False,2.0,7912.0,86.28,50.0
61.27986020012759,38.03300347607682,False,3.0,7912.0,97.73,51.0
62.00680280011147,38.13300260879218,False,3.0,7912.0,91.46,50.0
63.55963829997927,39.03299480323046,False,3.0,7912.0,63.1,49.0
64.21524320007302,39.13299393594583,False,3.0,7912.0,60.68,49.0
65.5203319999855,39.39965828985346,False,3.0,7912.0,57.4,49.0
66.36200150009245,39.532990466807284,False,3.0,7912.0,64.54,49.0
67.04218730004504,39.632989599522645,False,3.0,7912.0,92.27,50.0
68.28817400010303,41.26630876720693,False,3.0,7912.0,101.88,50.0
69.61396890017204,41.532973121114566,False,3.0,7912.0,61.97,50.0
70.27969940006733,41.63297225382993,False,3.0,7912.0,66.33,50.0
71.58641960006207,41.89963660773757,False,3.0,7912.0,58.69,49.0
72.40461189998314,42.13296791740675,False,3.0,7912.0,60.29,49.0
73.56395790004171,43.53295577542185,False,11.0,7912.0,64.63,49.0
74.20795740000904,43.63295490813721,False,3.0,7912.0,73.78,50.0
75.02124270005152,44.132950571714034,False,14.0,7912.0,89.86,51.0
76.44300450012088,44.53294710257549,False,24.0,7912.0,67.65,51.0
77.17086299997754,44.63294623529085,False,3.0,7912.0,59.1,49.0
78.54982469999231,45.03294276615231,False,3.0,7912.0,58.44,49.0
79.30322410003282,45.26627407582149,False,3.0,7912.0,59.92,49.0
80.3093511001207,45.89960191635213,False,3.0,7912.0,59.79,49.0
81.15232029999606,46.63292888959813,False,3.0,7912.0,94.92,50.0
82.02301000012085,49.03290807476687,False,8.0,7912.0,104.08,51.0
83.35179760004394,50.03289940192052,False,3.0,7912.0,78.12,50.0
84.04401730000973,50.399562888543514,False,3.0,7912.0,62.36,49.0
85.19477499998175,50.632894198212696,False,4.0,7912.0,65.06,49.0
86.34580140002072,50.89955855212034,False,3.0,7912.0,65.35,50.0
87.01354239997454,51.032890729074154,False,3.0,7912.0,58.31,49.0
88.38176909997128,51.26622203874334,False,3.0,7912.0,73.8,50.0
89.00215460010804,51.39955421569716,False,2.0,7912.0,98.91,50.0
90.28290670015849,51.63288552536634,False,3.0,7912.0,91.59,50.0
91.5548280000221,51.89954987927398,False,2.0,7912.0,60.02,49.0
92.20281559997238,52.0328820562278,False,3.0,7912.0,60.09,49.0
93.54478640016168,52.53287771980462,False,3.0,7912.0,72.91,50.0
94.18271060008556,52.632876852519985,False,3.0,7912.0,90.72,50.0
95.40761600015685,52.89954120642762,False,5.0,7912.0,86.32,50.0
96.05681780003943,53.032873383381435,False,4.0,7912.0,61.35,49.0
97.35360020003282,53.39953687000444,False,4.0,7912.0,66.66,49.0
98.13684829999693,53.53286904695826,False,4.0,7912.0,58.85,49.0
99.0024178000167,54.23286297596581,False,7.0,7912.0,105.85,51.0
100.51412730012089,57.032838691996005,False,4.0,7912.0,81.1,50.0
101.38173090014607,58.03283001914964,False,8.0,7912.0,71.97,50.0
102.12556420010515,58.53282568272647,False,4.0,7912.0,64.06,49.0
103.0095597000327,59.39948483292629,False,24.0,7912.0,69.3,51.0
104.0199916001875,60.39947616007993,True,6.0,7912.0,68.22,50.0
105.00528240017593,60.73280660246448,True,17.0,7912.0,57.26,49.0
106.65454670018516,61.53279966418739,True,63.0,7912.0,55.6,50.0
107.52093710005283,61.632798796902755,True,4.0,7912.0,102.67,51.0
108.4068961001467,61.76613097385657,True,4.0,7912.0,100.9,51.0
109.30010960018262,61.89946315081039,True,6.0,7912.0,82.76,50.0
110.06969809997827,62.03279532776421,True,3.0,7912.0,64.06,49.0
111.00450100004673,62.19946054895648,True,25.0,7912.0,64.36,49.0
112.48417620011605,62.53279099134103,True,12.0,7912.0,58.68,49.0
113.40908460016362,63.13278578763322,True,5.0,7912.0,61.98,50.0
114.25802050018683,63.399450141540854,True,3.0,7912.0,59.29,49.0
115.63132980000228,63.632781451210036,True,3.0,7912.0,98.96,51.0
116.44627910014242,64.26610929174068,True,25.0,7912.0,95.45,51.0
117.07944100000896,64.39944146869449,True,4.0,7912.0,74.35,50.0
118.17222229996696,66.13275976909414,True,4.0,7912.0,70.92,50.0
119.02376440004446,67.89941111373224,True,6.0,7912.0,71.03,50.0
120.01752650015987,69.63272941413189,True,10.0,7912.0,71.37,50.0
121.36282719997689,71.13271640486235,True,9.0,7912.0,65.79,50.0
122.00212120008655,72.76603557254663,True,7.0,7912.0,88.44,51.0
123.00543470005505,74.03269125360791,True,3.0,7912.0,97.72,51.0
124.55956070008688,76.26600521758436,True,54.0,7912.0,67.13,50.0
125.32974610012025,76.63266870420738,True,4.0,7912.0,85.9,51.0
126.01240430003963,76.76600088116119,True,3.0,7912.0,99.43,51.0
127.32348490017466,77.03266523506883,True,3.0,7912.0,85.28,50.0
128.00088940002024,78.73265049123002,True,9.0,7912.0,69.94,50.0
129.02171560004354,81.53262620726021,True,8.0,7912.0,69.57,50.0
130.02574110007845,84.39926801176732,True,8.0,7912.0,67.72,50.0
131.59158250014298,85.03259585229796,True,3.0,7912.0,66.96,50.0
132.5578740001656,85.13259498501333,True,4.0,7912.0,68.44,50.0
133.36104009998962,85.26592716196714,True,9.0,7912.0,67.99,50.0
134.21927540004253,85.39925933892096,True,4.0,7912.0,90.38,51.0
135.1997365001589,85.63259064859014,True,3.0,7912.0,104.38,51.0
136.20530000003055,85.76592282554397,True,4.0,7912.0,72.13,50.0
137.77822170010768,86.0325871794516,True,3.0,7912.0,60.79,50.0
138.69614050001837,86.13258631216696,True,3.0,7912.0,62.83,50.0
139.8109722000081,86.26591848912078,True,12.0,7912.0,66.86,50.0
140.97437330009416,86.3992506660746,True,24.0,7912.0,87.01,52.0
141.03449530014768,86.43258371031305,True,24.0,7912.0,87.01,52.0
142.6871978000272,86.63258197574379,True,3.0,7912.0,66.4,50.0
143.611639900133,86.7659141526976,True,4.0,7912.0,68.53,50.0
144.53749350016005,86.89924632965142,True,3.0,7912.0,65.79,49.0
145.74196960008703,87.1325776393206,True,13.0,7912.0,66.23,50.0
146.70287440018728,87.26590981627442,True,3.0,7912.0,97.48,51.0
147.63878440018743,87.39924199322824,True,4.0,7912.0,103.52,51.0
148.4497507000342,87.53257417018206,True,34.0,7912.0,84.0,51.0
149.26191530004144,87.76590547985124,True,3.0,7912.0,68.94,50.0
150.4782073001843,87.89923765680506,True,25.0,7912.0,62.38,50.0
151.5885442001745,88.03256983375888,True,4.0,7912.0,65.5,50.0
152.4551653000526,88.13256896647424,True,27.0,7912.0,92.75,51.0
153.16967780003324,88.26590114342807,True,3.0,7912.0,81.6,50.0
154.70598460012116,88.5325654973357,True,4.0,7912.0,61.68,50.0
156.13925130013376,88.63256463005106,True,3.0,7912.0,55.52,50.0
157.65234900009818,88.89922898395871,True,3.0,7912.0,63.52,50.0
158.25715019996278,89.03256116091252,True,4.0,7912.0,65.21,50.0
159.09103050013073,89.13256029362789,True,5.0,7912.0,63.43,50.0
160.582752100192,89.39922464753552,True,3.0,7912.0,84.03,51.0
161.15929270000197,89.53255682448935,True,4.0,7912.0,105.67,51.0
162.38413340016268,89.76588813415853,True,3.0,7912.0,98.96,50.0
163.04245100007392,89.89922031111234,True,4.0,7912.0,63.44,50.0
164.20751670002937,90.13255162078153,True,3.0,7912.0,67.45,50.0
165.7206113000866,90.39921597468917,True,3.0,7912.0,60.13,50.0
166.41900070011616,90.53254815164298,True,4.0,7912.0,68.81,50.0
167.36189689999446,91.39920730184281,True,4.0,7912.0,65.09,50.0
168.00836940016598,93.13252560224245,True,7.0,7912.0,89.44,51.0
169.28874150011688,95.53250478741118,True,4.0,7912.0,100.26,51.0
170.41040040017106,97.26582308781083,True,9.0,7912.0,80.27,50.0
171.03992710006423,97.39915526476466,True,4.0,7912.0,63.42,50.0
172.31657860009,97.63248657443384,True,4.0,7912.0,68.53,50.0
173.20156790013425,97.89915092834147,True,3.0,7912.0,61.09,50.0
174.08506700000726,98.26581441496448,True,3.0,7912.0,80.67,50.0
175.23236480006017,98.63247790158748,True,4.0,7912.0,84.61,50.0
176.40521450014785,99.03247443244894,True,6.0,7912.0,70.56,50.0
177.09548879996873,99.39913791907193,True,4.0,7912.0,64.01,50.0
178.32332159997895,101.39912057337922,True,6.0,7912.0,71.73,50.0
179.35681820008904,102.39911190053286,True,4.0,7912.0,65.35,50.0
180.1950093000196,103.3991032276865,True,3.0,7912.0,93.23,51.0
181.52840990014374,105.39908588199378,True,3.0,7912.0,86.64,50.0
182.44016990019009,105.76574936861678,True,24.0,7912.0,69.62,51.0
183.0193132001441,107.26573635934724,True,9.0,7912.0,67.38,50.0
184.02278910018504,110.13237816385436,True,9.0,7912.0,69.43,50.0
185.01834390009753,111.63236515458482,True,33.0,7912.0,63.47,50.0
187.5888068000786,112.03236168544628,True,17.0,7912.0,64.75,50.0
189.00052300002426,112.13236081816163,True,16.0,7912.0,72.51,50.0
190.4615414000582,112.26569299511546,True,19.0,7912.0,63.16,50.0
191.07288900017738,112.53235734902309,True,3.0,7912.0,64.02,50.0
192.543357900111,113.03235301259991,True,3.0,7912.0,60.82,50.0
193.2155836999882,113.13235214531528,True,3.0,7912.0,59.35,50.0
194.17654830007814,113.2656843222691,True,14.0,7912.0,60.2,50.0
195.34347980003804,113.53234867617674,True,6.0,7912.0,100.75,51.0
196.2907337001525,113.63234780889209,True,4.0,7912.0,101.46,51.0
197.19346870016307,113.76567998584592,True,3.0,7912.0,69.66,50.0
198.9682955001481,113.89901216279974,True,18.0,7912.0,68.89,51.0
199.029511900153,113.93234520703818,True,18.0,7912.0,68.89,51.0
201.10928279999644,114.26567564942273,True,46.0,7912.0,59.66,50.0
202.94338110019453,114.39900782637655,True,27.0,7912.0,105.55,52.0
203.01222260016948,114.43234087061501,True,27.0,7912.0,105.55,52.0
204.45943340007216,114.53234000333038,True,4.0,7912.0,67.86,50.0
205.83118150010705,114.63233913604574,True,5.0,7912.0,67.93,50.0
206.07119410019368,114.66567218028419,True,5.0,7912.0,67.93,50.0
208.30851500015706,114.76567131299956,True,19.0,7912.0,68.47,50.0
209.85592490015551,115.26566697657637,True,10.0,7912.0,89.88,51.0
210.25644779996946,115.29900002081483,True,10.0,7912.0,89.88,51.0
211.3545829001814,116.13232612677619,True,8.0,7912.0,74.46,50.0
213.1164208999835,116.76565396730683,True,56.0,7912.0,60.88,50.0
214.02868490014225,118.03230964836811,True,19.0,7912.0,82.94,51.0
215.00494180014357,118.86563575432949,True,34.0,7912.0,70.13,50.0
216.07282650005072,119.76562794876776,True,18.0,7912.0,70.93,50.0
217.11249039997347,121.1322827625444,True,21.0,7912.0,66.28,50.0
218.7987741001416,122.03227495698268,True,17.0,7912.0,64.64,50.0
219.0269088000059,122.13227408969804,True,4.0,7912.0,72.8,51.0
220.48295040009543,122.63226975327487,True,8.0,7912.0,82.25,50.0
221.20710750017315,122.76560193022868,True,3.0,7912.0,74.46,50.0
222.11338330013677,122.8989341071825,True,5.0,7912.0,61.98,50.0
223.81995919998735,123.03226628413633,True,5.0,7912.0,63.94,50.0
224.0040137001779,123.06559932837477,True,5.0,7912.0,63.94,50.0
225.14951380016282,123.13226541685168,True,64.0,7912.0,61.28,51.0
226.40557060018182,123.26559759380551,True,14.0,7912.0,103.6,52.0
227.81785740004852,123.39892977075932,True,5.0,7912.0,72.5,50.0
228.69305820018053,123.53226194771314,True,1.0,7912.0,65.53,50.0
229.73773320019245,123.76559325738232,True,5.0,7912.0,61.26,50.0
231.3533972001169,123.89892543433615,True,12.0,7912.0,74.95,51.0
233.67309920000844,124.03225761128996,True,6.0,7912.0,83.44,50.0
235.44182920013554,124.13225674400533,True,25.0,7912.0,64.63,51.0
236.4570226999931,124.26558892095915,True,25.0,7912.0,67.59,51.0
237.37039070017636,124.39892109791296,True,4.0,7912.0,63.13,50.0
238.96011870005168,124.53225327486679,True,81.0,7912.0,60.65,51.0
239.00037010014057,124.5989193633437,True,81.0,7912.0,60.65,51.0
240.15467970003374,124.63225240758214,True,3.0,7912.0,89.42,51.0
241.20195890008472,124.76558458453597,True,6.0,7912.0,90.73,50.0
243.0305749999825,124.89891676148979,True,5.0,7912.0,67.87,50.0
244.44355690013617,125.0322489384436,True,6.0,7912.0,85.12,51.0
248.79095709999092,125.13224807115897,True,6.0,7912.0,81.22,51.0
249.66084150015377,125.26558024811278,True,4.0,7912.0,88.35,51.0
251.14741730014794,125.39891242506661,True,5.0,7912.0,67.03,50.0
252.49065520009026,125.53224460202043,True,27.0,7912.0,80.33,52.0
254.26096080010757,125.6322437347358,True,6.0,7912.0,77.03,50.0
256.44409280014224,125.76557591168961,True,6.0,7912.0,63.18,50.0
257.81386940018274,125.89890808864342,True,24.0,7912.0,63.44,50.0
259.90531429997645,126.03224026559725,True,10.0,7912.0,96.33,51.0
260.17646110011265,126.0655733098357,True,10.0,7912.0,96.33,51.0
261.93119110004045,126.1322393983126,True,7.0,7912.0,90.19,50.0
262.2956854000222,126.16557244255107,True,7.0,7912.0,90.19,50.0
263.5219796001911,126.26557157526643,True,6.0,7912.0,59.4,50.0
264.15149710001424,126.39890375222025,True,2.0,7912.0,66.64,50.0
265.9964219001122,126.53223592917406,True,13.0,7912.0,76.37,51.0
266.17898650001734,126.56556897341252,True,13.0,7912.0,76.37,51.0
268.35325390007347,126.63223506188943,True,5.0,7912.0,57.67,50.0
269.546111300122,126.76556723884325,True,35.0,7912.0,71.64,52.0
270.00288080004975,127.13223072546626,True,5.0,7912.0,86.6,51.0
271.00060270004906,128.16555509685836,True,7.0,7912.0,79.43,51.0
272.1803638001438,129.532209910635,True,6.0,7912.0,70.4,50.0
273.0349061000161,130.13220470692718,True,14.0,7912.0,66.28,50.0
274.0794461001642,130.89886472441162,True,7.0,7912.0,73.15,50.0
276.69254350010306,132.0321882285191,True,20.0,7912.0,65.58,50.0
279.0005273001734,132.13218736123446,True,12.0,7912.0,76.51,50.0
281.14906950015575,132.26551953818827,True,5.0,7912.0,58.03,50.0
282.5074974000454,132.3988517151421,True,4.0,7912.0,100.34,51.0
284.77967790002003,132.5321838920959,True,6.0,7912.0,62.35,50.0
285.0211920000147,132.76551520176508,True,8.0,7912.0,71.96,50.0
287.28537610010244,132.89884737871893,True,8.0,7912.0,61.68,50.0
289.50753580010496,133.03217955567274,True,18.0,7912.0,79.45,51.0
291.55515410006046,133.1321786883881,True,14.0,7912.0,90.18,50.0
294.5474337001797,133.26551086534192,True,17.0,7912.0,79.23,52.0
298.27348960004747,133.39884304229574,True,7.0,7912.0,60.28,50.0
299.92345520015806,133.53217521924955,True,21.0,7912.0,69.02,52.0
300.0457892001141,133.565508263488,True,21.0,7912.0,69.02,52.0
302.32983870012686,133.63217435196492,True,5.0,7912.0,82.99,51.0
304.3755118001718,133.76550652891873,True,9.0,7912.0,85.48,50.0
307.73264810000546,133.89883870587255,True,25.0,7912.0,59.74,50.0
308.8006049999967,134.03217088282636,True,2.0,7912.0,74.65,50.0
310.2883562000934,134.13217001554173,True,22.0,7912.0,58.33,50.0
311.4039595001377,134.26550219249555,True,3.0,7912.0,91.67,51.0
312.9042229000479,134.3988343694494,True,3.0,7912.0,72.5,50.0
313.90531180007383,134.5321665464032,True,4.0,7912.0,67.0,50.0
314.81977760000154,134.63216567911857,True,3.0,7912.0,64.67,50.0
315.9654557001777,134.7654978560724,True,99.0,7912.0,69.22,52.0
316.020555900177,134.79883090031083,True,99.0,7912.0,69.22,52.0
317.5964346001856,134.8988300330262,True,18.0,7912.0,99.25,51.0
319.6826663999818,135.13216134269538,True,6.0,7912.0,60.52,50.0
321.72696420014836,135.2654935196492,True,7.0,7912.0,61.82,50.0
322.00238070008345,135.398825696603,True,6.0,7912.0,68.75,50.0
324.4158940000925,135.6321570062722,True,15.0,7912.0,75.8,52.0
325.89327220013365,135.765489183226,True,5.0,7912.0,100.38,51.0
326.0720189001877,135.79882222746448,True,6.0,7912.0,97.29,51.0
328.78825540002435,135.89882136017985,True,7.0,7912.0,60.33,50.0
331.9206344000995,136.03215353713367,True,14.0,7912.0,79.95,51.0
332.06106790015474,136.0654865813721,True,14.0,7912.0,79.95,51.0
334.0732358000241,136.13215266984903,True,10.0,7912.0,75.04,50.0
335.7651275000535,136.26548484680285,True,5.0,7912.0,60.89,50.0
338.5584895000793,136.39881702375666,True,5.0,7912.0,103.07,51.0
341.55935950018466,136.53214920071048,True,6.0,7912.0,70.51,50.0
343.6093168000225,136.63214833342585,True,12.0,7912.0,55.41,50.0
344.7294584000483,136.76548051037966,True,4.0,7912.0,89.38,50.0
346.02911900007166,136.89881268733347,True,7.0,7912.0,71.97,50.0
349.1055916000623,137.0321448642873,True,6.0,7912.0,67.72,50.0
353.1797525000293,137.13214399700266,True,77.0,7912.0,71.98,51.0
356.02627050015144,137.7654718375333,True,19.0,7912.0,64.07,50.0
359.2014268001076,137.89880401448713,True,11.0,7912.0,80.01,51.0
361.7996553000994,138.03213619144094,True,6.0,7912.0,65.09,50.0
362.00799740012735,138.26546750111012,True,7.0,7912.0,74.63,51.0
363.00153470016085,139.5321231821714,True,7.0,7912.0,72.76,50.0
364.61681430018507,139.7654544918406,True,5.0,7912.0,64.49,50.0
366.63717510015704,140.03211884574822,True,4.0,7912.0,63.71,50.0
367.5542407000903,140.13211797846358,True,70.0,7912.0,67.59,51.0
368.785618300084,140.2654501554174,True,6.0,7912.0,102.44,51.0
369.42136929999106,140.3987823323712,True,25.0,7912.0,99.89,51.0
370.02179630007595,141.13210930561723,True,8.0,7912.0,85.72,51.0
371.0358880001586,141.93210236734015,True,10.0,7912.0,69.75,50.0
372.1057099001482,142.6320962963477,True,8.0,7912.0,65.96,50.0
373.20093150017783,143.39875631383214,True,8.0,7912.0,64.56,50.0
374.01878010015935,144.63207895065497,True,10.0,7912.0,68.8,50.0
375.00009200000204,145.76540245476244,True,12.0,7912.0,73.99,50.0
376.00636770017445,146.83205987039298,True,8.0,7912.0,75.37,50.0
377.0315449000336,147.13205726853909,True,12.0,7912.0,70.79,50.0
378.0071529999841,147.9987164187389,True,27.0,7912.0,74.67,51.0
379.0038175000809,148.53204512655418,True,23.0,7912.0,74.41,51.0
380.00731570017524,149.032040790131,True,8.0,7912.0,72.64,50.0
381.1863635000773,149.63203558642317,True,30.0,7912.0,71.84,51.0
382.01192510011606,150.13203125,True,7.0,7912.0,76.16,50.0
383.88561260001734,150.76535909053064,True,22.0,7912.0,67.69,50.0
384.05014539998956,150.79869213476908,True,4.0,7912.0,75.09,51.0
385.0024712001905,151.7320173734458,True,8.0,7912.0,75.95,51.0
386.3955064001493,152.39867825821491,True,5.0,7912.0,70.07,50.0
387.1992832000833,152.53201043516873,True,5.0,7912.0,67.93,50.0
388.06581340008415,152.6320095678841,True,4.0,7912.0,66.37,50.0
389.45460560009815,152.7653417448379,True,16.0,7912.0,78.6,51.0
390.5395406000316,152.89867392179173,True,8.0,7912.0,102.02,51.0
392.0173909000587,153.39866958536857,True,0.0,7912.0,67.25,50.0
394.10216730018146,153.53200176232238,True,6.0,7912.0,60.02,50.0
395.6188418001402,153.63200089503775,True,62.0,7912.0,61.88,51.0
396.0559116001241,154.0319974258992,True,4.0,7912.0,88.87,51.0
397.6159247001633,154.13199655861456,True,23.0,7912.0,98.96,52.0
399.38540480006486,154.26532873556837,True,5.0,7912.0,59.13,50.0
400.9225213001482,154.3986609125222,True,5.0,7912.0,85.45,51.0
401.00883830012754,154.53199308947603,True,16.0,7912.0,88.54,52.0
403.43043690011837,155.26532006272203,True,7.0,7912.0,60.6,50.0
404.33131569996476,155.63198354934502,True,5.0,7912.0,77.39,50.0
405.1611464000307,155.76531572629884,True,5.0,7912.0,68.28,50.0
406.5039816000499,155.89864790325265,True,66.0,7912.0,67.55,51.0
407.0531983000692,155.96531399172957,True,5.0,7912.0,85.22,51.0
408.38334310008213,156.13197921292183,True,5.0,7912.0,98.91,51.0
409.2424090001732,156.26531138987568,True,5.0,7912.0,84.83,50.0
411.18395930016413,156.7653070534525,True,27.0,7912.0,66.85,51.0
414.3919950001873,156.8986392304063,True,6.0,7912.0,67.35,50.0
415.7681825000327,157.03197140736012,True,5.0,7912.0,98.57,51.0
416.9483223001007,157.13197054007549,True,37.0,7912.0,77.97,52.0
417.086094400147,157.16530358431393,True,37.0,7912.0,77.97,52.0
418.4704734000843,157.6319662036523,True,31.0,7912.0,69.85,52.0
419.02686730003916,158.39862622113677,True,7.0,7912.0,72.86,51.0
420.00237320014276,159.16528623862123,True,92.0,7912.0,70.7,52.0
421.0865590001922,159.76528103491341,True,3.0,7912.0,103.67,51.0
422.04027430014685,160.03194538882104,True,3.0,7912.0,95.72,51.0
423.35635989997536,160.39860887544404,True,3.0,7912.0,71.96,50.0
424.0174687001854,160.53194105239785,True,3.0,7912.0,61.4,50.0
425.0177086000331,161.5319323795515,True,6.0,7912.0,70.58,50.0
426.00462769996375,164.36524113982017,True,13.0,7912.0,67.43,51.0
427.13964330009185,165.63189682088145,True,5.0,7912.0,57.5,50.0
428.23028260003775,165.89856117478908,True,3.0,7912.0,106.36,51.0
429.2079454001505,166.13189248445826,True,3.0,7912.0,103.79,51.0
430.0024870999623,166.93188554618118,True,8.0,7912.0,72.51,51.0
431.0181226001587,169.7651943064498,True,10.0,7912.0,69.37,51.0
432.5476406000089,172.53183697824156,True,53.0,7912.0,64.24,51.0
433.06119800009765,172.63183611095693,True,3.0,7912.0,82.21,51.0
434.43850679998286,173.26516395148758,True,3.0,7912.0,105.13,51.0
435.03524250001647,173.3984961284414,True,3.0,7912.0,83.41,50.0
436.2205712001305,173.63182743811058,True,3.0,7912.0,70.59,50.0
437.4691477001179,173.8984917920182,True,9.0,7912.0,71.32,51.0
438.06347659998573,174.1318231016874,True,4.0,7912.0,62.37,50.0
439.1710469000973,174.39848745559502,True,4.0,7912.0,66.18,50.0
440.34949730010703,174.765150942218,True,3.0,7912.0,69.28,51.0
441.0028542999644,175.1651474730795,True,19.0,7912.0,97.25,53.0
443.0843652000185,175.53181095970248,True,5.0,7912.0,68.66,50.0
444.0382708001416,175.76514226937167,True,1.0,7912.0,65.14,50.0
445.89271310018376,176.26513793294848,True,5.0,7912.0,65.5,50.0
447.5834558000788,176.39847010990232,True,83.0,7912.0,62.63,51.0
448.01436650007963,177.39846143705594,True,7.0,7912.0,89.9,51.0
449.0199429001659,180.26510324156305,True,9.0,7912.0,100.83,52.0
450.0546782000456,181.76509023229352,True,3.0,7912.0,80.75,50.0
451.1191416999791,182.26508589587033,True,3.0,7912.0,68.91,50.0
452.21546540013514,182.63174938249333,True,3.0,7912.0,68.34,50.0
453.01315660006367,184.89839639070826,True,10.0,7912.0,67.62,51.0
454.00550690013915,186.46504946991564,True,17.0,7912.0,65.78,51.0
455.00293830013834,188.66503038965365,True,6.0,7912.0,72.71,51.0
456.00283820019104,189.59835562833038,True,8.0,7912.0,81.8,52.0
457.35086520016193,192.03166785773757,True,7.0,7912.0,101.19,52.0
458.4425858000759,193.6316539811834,True,7.0,7912.0,92.16,51.0
459.221782800043,193.76498615813722,True,5.0,7912.0,65.24,50.0
460.0473876001779,195.13164097191387,True,7.0,7912.0,73.37,51.0
461.3211680999957,195.7649688124445,True,5.0,7912.0,65.01,50.0
462.01318280003034,196.89829231655196,True,10.0,7912.0,71.15,51.0
463.00306300004013,198.76494279390542,True,19.0,7912.0,70.32,51.0
464.13870800007135,199.26493845748223,True,88.0,7912.0,71.0,52.0
465.0395389001351,200.8982576251665,True,6.0,7912.0,105.82,52.0
466.0307118999772,202.53157679285079,True,8.0,7912.0,96.35,51.0
467.5464767999947,203.76489942967362,True,52.0,7912.0,64.43,51.0
468.20094900019467,204.03156378358125,True,3.0,7912.0,81.61,51.0
469.00417520012707,204.6648916241119,True,8.0,7912.0,104.53,52.0
470.00147550017573,207.56486647285746,True,7.0,7912.0,85.04,51.0
471.0095128000248,210.3981752331261,True,7.0,7912.0,71.93,51.0
472.538156399969,211.03150307365675,True,3.0,7912.0,84.82,51.0
473.17336100013927,211.13150220637212,True,3.0,7912.0,100.93,52.0
474.6981530999765,211.39816656027975,True,3.0,7912.0,78.12,51.0
475.521684900159,211.53149873723356,True,3.0,7912.0,65.95,50.0
476.3549925000407,211.63149786994893,True,3.0,7912.0,65.69,50.0
477.13745940010995,211.76483004690274,True,3.0,7912.0,63.65,50.0
478.4494410001207,212.0314944008104,True,4.0,7912.0,72.05,51.0
479.42340010008775,212.13149353352574,True,5.0,7912.0,65.85,50.0
480.94683500006795,212.26482571047958,True,90.0,7912.0,70.03,52.0
481.02997949998826,212.29815875471803,True,90.0,7912.0,70.03,52.0
482.658616800094,212.3981578874334,True,6.0,7912.0,98.03,52.0
484.2890975000337,212.5314900643872,True,5.0,7912.0,65.52,50.0
485.4011542999651,212.63148919710258,True,6.0,7912.0,64.37,50.0
486.9346201000735,212.7648213740564,True,27.0,7912.0,63.88,51.0
487.0891746999696,212.79815441829484,True,27.0,7912.0,63.88,51.0
488.6497596001718,213.03148572796403,True,3.0,7912.0,61.31,50.0
489.2613876000978,213.1314848606794,True,3.0,7912.0,74.9,51.0
491.0476033000741,213.39814921458702,True,3.0,7912.0,87.62,51.0
492.11220790003426,213.6314805242562,True,4.0,7912.0,75.86,50.0
493.0171932000667,213.8648118339254,True,31.0,7912.0,74.26,52.0
494.88433920009993,213.89814487816386,True,6.0,7912.0,59.3,50.0
497.30419560009614,214.03147705511768,True,92.0,7912.0,70.74,52.0
498.7187365000136,214.13147618783304,True,3.0,7912.0,98.7,52.0
500.20719230012037,214.26480836478686,True,6.0,7912.0,65.06,51.0
501.8555056999903,214.39814054174067,True,6.0,7912.0,61.95,50.0
504.4112122000661,214.5314727186945,True,21.0,7912.0,59.31,51.0
505.46573649998754,214.63147185140986,True,18.0,7912.0,72.41,51.0
507.8350908001885,214.76480402836367,True,7.0,7912.0,85.82,52.0
508.18243900011294,214.79813707260212,True,7.0,7912.0,85.82,52.0
509.5103003999684,214.89813620531748,True,21.0,7912.0,101.46,52.0
510.6025710001122,215.0314683822713,True,5.0,7912.0,83.92,51.0
511.63770620012656,215.13146751498667,True,4.0,7912.0,73.26,50.0
512.5033074000385,215.2647996919405,True,15.0,7912.0,74.21,52.0
513.3457408000249,215.39813186889432,True,4.0,7912.0,67.82,50.0
514.1178151001222,215.53146404584814,True,4.0,7912.0,95.34,51.0
515.4252113001421,215.76479535551732,True,6.0,7912.0,106.6,52.0
516.9093416000251,216.03145970942495,True,3.0,7912.0,70.85,50.0
517.6248221001588,216.13145884214032,True,3.0,7912.0,74.47,51.0
518.5120420001913,216.26479101909413,True,3.0,7912.0,65.47,52.0
519.3916830001399,216.39812319604795,True,3.0,7912.0,67.97,50.0
520.1563757001422,216.53145537300176,True,3.0,7912.0,65.66,50.0
521.8419771001209,217.13145016929397,True,5.0,7912.0,65.1,50.0
522.040729300119,217.23144930200934,True,5.0,7912.0,79.94,52.0
523.961115000071,217.63144583287078,True,25.0,7912.0,91.01,51.0
524.2004800001159,217.66477887710923,True,25.0,7912.0,91.01,51.0
526.2952479000669,217.7647780098246,True,7.0,7912.0,60.43,50.0
528.9716799000744,217.8981101867784,True,24.0,7912.0,60.5,51.0
529.0248200001661,217.93144323101689,True,10.0,7912.0,77.68,52.0
530.159189700149,218.03144236373222,True,3.0,7912.0,98.64,51.0
531.5209886000957,218.2647736734014,True,3.0,7912.0,71.38,52.0
532.4893732999917,218.39810585035525,True,13.0,7912.0,65.31,52.0
533.8103524001781,218.53143802730906,True,15.0,7912.0,64.96,50.0
534.7694012001157,218.63143716002443,True,4.0,7912.0,70.78,51.0
535.5984208001755,218.89810151393206,True,4.0,7912.0,70.59,50.0
536.2213816000149,219.03143369088588,True,4.0,7912.0,68.18,50.0
537.5741103000473,219.39809717750887,True,4.0,7912.0,63.54,50.0
538.5356195999775,219.5314293544627,True,91.0,7912.0,69.71,52.0
539.4296668001916,219.63142848717806,True,4.0,7912.0,88.52,51.0
540.0186632000841,220.6314198143317,True,6.0,7912.0,103.17,52.0
541.3008962001186,222.0314076723468,True,5.0,7912.0,85.28,51.0
542.3991768001579,222.63140246863898,True,13.0,7912.0,69.16,51.0
543.3798726999667,224.03139032665408,True,7.0,7912.0,74.49,51.0
544.2095315000042,224.7647172999001,True,5.0,7912.0,69.83,50.0
545.9705764001701,225.1313807865231,True,6.0,7912.0,60.62,50.0
546.0106244999915,225.16471383076154,True,93.0,7912.0,66.43,52.0
547.420544499997,226.03137298096138,True,10.0,7912.0,107.46,52.0
548.3260384001769,226.13137211367672,True,5.0,7912.0,95.81,51.0
549.3133666000795,226.5313686445382,True,4.0,7912.0,69.93,51.0
550.1010054000653,226.63136777725356,True,4.0,7912.0,66.18,50.0
551.4130055999849,227.89802345831484,True,9.0,7912.0,75.41,51.0
552.3855897001922,228.26468694493784,True,14.0,7912.0,66.16,51.0
553.0761706000194,228.39801912189165,True,4.0,7912.0,79.6,51.0
554.2685567999724,229.03134696242228,True,3.0,7912.0,89.91,51.0
555.2865888001397,229.13134609513764,True,5.0,7912.0,71.8,50.0
556.2161881001666,229.3980104490453,True,3.0,7912.0,69.61,50.0
557.2153990000952,229.53134262599912,True,6.0,7912.0,67.22,50.0
558.0248633001465,230.76466526282192,True,9.0,7912.0,68.66,51.0
559.354687300045,231.76465658997557,True,13.0,7912.0,66.78,50.0
560.467511099996,232.0313209438832,True,20.0,7912.0,79.15,51.0
561.3993636001833,232.13132007659857,True,4.0,7912.0,82.96,51.0
562.170944500016,232.26465225355238,True,5.0,7912.0,71.91,50.0
563.0946643000934,232.39798443050623,True,5.0,7912.0,64.61,50.0
565.708584100008,232.6313157401754,True,59.0,7912.0,60.17,52.0
567.2858603000641,232.76464791712922,True,5.0,7912.0,98.76,52.0
568.1278429999948,232.89798009408304,True,3.0,7912.0,85.89,51.0
569.2545823000837,233.39797575765985,True,3.0,7912.0,75.67,51.0
570.2100234001409,233.63130706732903,True,7.0,7912.0,69.23,51.0
571.3872032000218,234.0313035981905,True,19.0,7912.0,68.86,51.0
572.0389632000588,234.2646349078597,True,3.0,7912.0,66.91,51.0
573.360462800134,234.53129926176732,True,3.0,7912.0,66.85,50.0
574.0072080001701,234.63129839448268,True,4.0,7912.0,62.88,52.0
575.738855100004,235.03129492534413,True,9.0,7912.0,57.92,50.0
576.7098721000366,235.1312940580595,True,3.0,7912.0,91.57,51.0
577.5139536999632,235.39795841196715,True,3.0,7912.0,102.21,52.0
578.3355390001088,235.53129058892097,True,4.0,7912.0,87.07,51.0
579.1382322001737,235.63128972163634,True,3.0,7912.0,63.98,50.0
580.6505806001369,235.89795407554396,True,4.0,7912.0,64.19,50.0
581.4175774999894,236.03128625249778,True,3.0,7912.0,68.52,50.0
582.3364788000472,236.26461756216696,True,3.0,7912.0,60.26,50.0
583.0494782000314,236.39794973912078,True,4.0,7912.0,64.15,50.0
584.1716218001675,236.5312819160746,True,8.0,7912.0,58.49,51.0
585.6727554001845,236.76461322574377,True,3.0,7912.0,100.21,52.0
586.4635658001062,236.8979454026976,True,3.0,7912.0,101.34,51.0
587.1837846001144,237.03127757965143,True,3.0,7912.0,66.21,50.0
588.6359614001121,237.2646088893206,True,4.0,7912.0,62.46,50.0
589.5850975001231,237.53127324322824,True,4.0,7912.0,61.88,50.0
590.3670713000465,237.6312723759436,True,4.0,7912.0,64.56,50.0
591.1208042001817,237.76460455289742,True,3.0,7912.0,60.5,50.0
592.1862449999899,237.89793672985124,True,8.0,7912.0,59.54,50.0
593.0027834000066,239.8979193841585,True,8.0,7912.0,93.18,51.0
594.0107092000544,242.76456118866562,True,10.0,7912.0,89.25,51.0
595.1254617001396,244.63121166601908,True,3.0,7912.0,68.16,50.0
596.180753499968,244.89787601992674,True,3.0,7912.0,68.59,50.0
597.3488025001716,245.13120732959592,True,4.0,7912.0,68.44,50.0
598.4394716001116,245.63120299317274,True,15.0,7912.0,82.67,52.0
599.4333530000877,245.89786734708036,True,3.0,7912.0,89.45,52.0
600.5069340001792,247.1311899839032,True,3.0,7912.0,67.63,52.0
601.0050028001424,247.264522160857,True,3.0,7912.0,62.25,52.0
602.1909736001398,247.76451782443382,True,3.0,7912.0,66.21,50.0
603.0637334999628,247.89785000138767,True,3.0,7912.0,61.8,52.0
604.0023260000162,248.13118131105685,True,3.0,7912.0,76.2,52.0
605.4838498001918,248.39784566496448,True,23.0,7912.0,69.45,52.0
606.2283708001487,248.5311778419183,True,3.0,7912.0,67.01,50.0
607.5897463001311,248.76450915158748,True,3.0,7912.0,64.47,50.0
608.2042521999683,248.8978413285413,True,3.0,7912.0,63.53,50.0
609.5165755001362,249.13117263821047,True,85.0,7912.0,76.77,52.0
610.0333387001883,249.39783699211813,True,3.0,7912.0,94.85,52.0
611.0266576001886,250.53116049622557,True,10.0,7912.0,105.64,52.0
612.0004330000374,253.26447012377886,True,9.0,7912.0,83.36,51.0
613.4877396000084,253.5311344776865,True,2.0,7912.0,63.05,50.0
614.1995210000314,253.63113361040186,True,3.0,7912.0,59.13,50.0
615.0294876000844,254.03113014126333,True,4.0,7912.0,65.72,52.0
616.0235395999625,254.39779362788633,True,83.0,7912.0,72.96,52.0
617.0057887001894,257.03110412272423,True,8.0,7912.0,99.62,52.0
618.0023652000818,259.73108070603905,True,9.0,7912.0,93.95,51.0
619.0218933001161,261.5310650949156,True,7.0,7912.0,74.58,51.0
620.0057867001742,263.36438252803066,True,11.0,7912.0,71.25,51.0
621.4672503001057,265.13103387266875,True,3.0,7912.0,68.47,51.0
622.1290476000868,265.26436604962254,True,3.0,7912.0,57.77,50.0
623.5550891000312,265.53103040353017,True,11.0,7912.0,95.5,52.0
624.344504600158,265.63102953624553,True,3.0,7912.0,101.21,52.0
625.0219735000283,265.7643617131994,True,23.0,7912.0,96.37,52.0
626.3793383000884,266.031026067107,True,5.0,7912.0,71.86,51.0
627.0221937000751,267.3976808808837,True,7.0,7912.0,72.0,51.0
628.0146292001009,268.4643382965142,True,13.0,7912.0,79.39,52.0
629.3973733000457,268.89766787161415,True,6.0,7912.0,104.87,52.0
630.3566620000638,269.39766353519093,True,8.0,7912.0,97.7,51.0
631.1293947000522,269.5309957121448,True,5.0,7912.0,65.58,51.0
632.9259089999832,269.89765919876777,True,6.0,7912.0,64.43,51.0
633.0045486001763,269.9309922430062,True,5.0,7912.0,67.51,51.0
634.6642847000621,270.1309905084369,True,7.0,7912.0,67.84,51.0
635.3018966000527,270.26432268539077,True,5.0,7912.0,65.34,51.0
636.02567490004,271.1309818355906,True,6.0,7912.0,69.32,51.0
637.469597000163,272.76430100327485,True,6.0,7912.0,58.33,50.0
638.4168788001407,272.8976331802287,True,3.0,7912.0,85.96,52.0
639.1964955001604,273.0309653571825,True,3.0,7912.0,101.93,52.0
640.9020724000875,273.2642966668517,True,3.0,7912.0,63.07,50.0
641.0003284001723,273.43096188804395,True,3.0,7912.0,69.21,51.0
642.1236248000059,275.0309480114898,True,3.0,7912.0,62.91,50.0
643.0697537001688,275.5309436750666,True,6.0,7912.0,60.63,50.0
644.0145221999846,278.0309219929507,True,13.0,7912.0,72.14,51.0
645.1393252001144,279.03091332010433,True,41.0,7912.0,56.96,50.0
646.0240315999836,279.89757247030417,True,19.0,7912.0,104.14,53.0
647.7245756001212,280.1309037799734,True,3.0,7912.0,82.26,51.0
648.500017600134,280.26423595692717,True,35.0,7912.0,79.25,53.0
649.4004788000602,280.397568133881,True,1.0,7912.0,64.49,50.0
650.10945980018,280.5309003108348,True,3.0,7912.0,65.56,50.0
651.7060805000365,280.764231620504,True,3.0,7912.0,62.22,50.0
652.2727634999901,280.8975637974578,True,3.0,7912.0,64.63,51.0
653.1020631999709,281.03089597441164,True,84.0,7912.0,62.29,52.0
654.7396454999689,281.2642272840808,True,3.0,7912.0,102.35,52.0
655.5541362001095,281.39755946103463,True,23.0,7912.0,86.78,52.0
656.2933032000437,281.5308916379885,True,3.0,7912.0,67.48,51.0
657.1791079000104,281.63089077070384,True,1.0,7912.0,60.24,50.0
658.7675543001387,281.8975551246115,True,3.0,7912.0,58.97,50.0
659.5345154001843,282.03088730156526,True,31.0,7912.0,69.69,51.0
660.3094186000526,282.1308864342806,True,3.0,7912.0,63.16,50.0
661.0855903001502,282.26421861123447,True,10.0,7912.0,65.07,50.0
662.5385062000714,282.5308829651421,True,91.0,7912.0,67.79,52.0
663.3634589000139,282.63088209785747,True,3.0,7912.0,85.38,52.0
664.583612699993,282.76421427481125,True,33.0,7912.0,95.83,53.0
665.014392600162,283.76420560196493,True,7.0,7912.0,87.89,51.0
666.0041838001925,286.6641804507105,True,7.0,7912.0,70.05,51.0
667.1621768001933,288.2641665741563,True,8.0,7912.0,62.26,51.0
668.0342763999943,289.1308257243561,True,9.0,7912.0,99.9,52.0
669.0207438000944,292.03080057310166,True,9.0,7912.0,90.73,51.0
670.2266149001662,292.63079536939387,True,4.0,7912.0,65.89,51.0
671.3555889001582,293.03079190025534,True,5.0,7912.0,68.07,51.0
672.5473480999935,293.2641232099245,True,13.0,7912.0,63.74,50.0
673.275222199969,293.5307875638321,True,6.0,7912.0,64.64,50.0
674.0143489001784,294.03078322740896,True,6.0,7912.0,97.18,52.0
675.0029162999708,295.5307702181394,True,6.0,7912.0,102.7,52.0
676.0059384000488,298.39741202264656,True,7.0,7912.0,94.46,51.0
677.0057775001042,301.26405382715365,True,13.0,7912.0,66.78,51.0
678.0035055000335,304.06402954318384,True,16.0,7912.0,64.9,51.0
679.0219313001726,306.8973383034525,True,16.0,7912.0,65.39,51.0
680.0011553000659,307.963995719083,True,8.0,7912.0,80.24,52.0
681.4514606001321,310.1306435945826,True,3.0,7912.0,99.38,52.0
682.3258295000996,310.7639714351132,True,3.0,7912.0,85.61,51.0
683.0013374001719,311.0639688332593,True,3.0,7912.0,68.8,51.0
684.3986246001441,311.26396709869005,True,3.0,7912.0,64.83,51.0
685.0876242001541,311.3972992756439,True,3.0,7912.0,63.76,51.0
686.5041853999719,311.63063058531304,True,83.0,7912.0,75.39,53.0
687.6989729001652,311.7639627622669,True,3.0,7912.0,100.53,52.0
688.3393508000299,311.89729493922067,True,5.0,7912.0,104.05,52.0
689.6879679001868,312.1306262488899,True,3.0,7912.0,65.33,51.0
690.1992440000176,312.26395842584367,True,3.0,7912.0,69.3,51.0
691.4501263001002,312.53062277975135,True,3.0,7912.0,66.57,51.0
692.1493071999867,312.6306219124667,True,5.0,7912.0,58.51,50.0
693.4430273000617,312.89728626637435,True,1.0,7912.0,74.53,51.0
694.0569758000784,313.03061844332814,True,12.0,7912.0,64.05,51.0
695.2763845999725,313.26394975299735,True,3.0,7912.0,65.31,51.0
696.5550349000841,313.530614106905,True,84.0,7912.0,62.54,52.0
697.3619157001376,313.63061323962035,True,3.0,7912.0,70.0,51.0
698.1014597001486,313.76394541657413,True,4.0,7912.0,81.12,51.0
699.8333012000658,314.0306097704818,True,5.0,7912.0,65.81,51.0
700.619607700035,314.1306089031972,True,5.0,7912.0,68.68,51.0
701.2878664000891,314.26394108015097,True,4.0,7912.0,67.77,51.0
702.1101671999786,314.3972732571048,True,4.0,7912.0,61.16,51.0
703.1701607999858,314.5306054340586,True,20.0,7912.0,80.08,52.0
704.3222978000995,314.63060456677397,True,2.0,7912.0,92.44,51.0
705.2582265001256,314.7639367437278,True,3.0,7912.0,83.3,51.0
706.5873996000737,315.03060109763544,True,3.0,7912.0,66.63,51.0
707.2255569000263,315.1306002303508,True,3.0,7912.0,68.51,51.0
708.5934641000349,315.39726458425844,True,11.0,7912.0,60.36,50.0
709.2269294001162,315.5305967612123,True,3.0,7912.0,63.69,51.0
710.0022532001603,315.8639272035968,True,3.0,7912.0,69.71,51.0
711.0017484000418,318.5972368311501,True,14.0,7912.0,65.86,51.0
712.0115908000153,321.26388037022645,True,19.0,7912.0,64.2,51.0
714.1992974001914,323.1305308475799,True,5.0,7912.0,67.78,51.0
715.2084198000375,323.26386302453375,True,3.0,7912.0,93.09,51.0
716.0699108999688,323.3971952014876,True,22.0,7912.0,86.5,52.0
717.4926426000893,323.5305273784414,True,1.0,7912.0,68.5,50.0
718.4578625999857,323.63052651115675,True,2.0,7912.0,66.44,51.0
719.4205966000445,323.7638586881106,True,3.0,7912.0,67.44,51.0
720.226454900112,323.8971908650644,True,3.0,7912.0,68.0,51.0
721.9542674000841,324.1305221747336,True,5.0,7912.0,59.18,50.0
722.0022400000598,324.1971882632105,True,5.0,7912.0,59.18,50.0
723.832583000185,324.3971865286412,True,4.0,7912.0,102.25,52.0
724.7222720000427,324.530518705595,True,3.0,7912.0,81.59,51.0
725.5551852001809,324.63051783831037,True,22.0,7912.0,71.16,52.0
726.4110542000271,324.7638500152642,True,3.0,7912.0,64.21,51.0
727.1922083999962,324.89718219221805,True,3.0,7912.0,64.13,50.0
728.1572563999798,325.03051436917184,True,72.0,7912.0,69.3,52.0
729.634488500189,325.26384567884105,True,4.0,7912.0,98.75,52.0
730.8016880000941,325.39717785579484,True,4.0,7912.0,85.27,51.0
731.7101676000748,325.5305100327487,True,4.0,7912.0,71.27,51.0
732.4260515000205,325.63050916546405,True,4.0,7912.0,66.93,51.0
733.16182210017,325.76384134241783,True,1.0,7912.0,59.95,50.0
734.7000786999706,326.03050569632546,True,3.0,7912.0,62.55,50.0
735.734310900094,326.13050482904083,True,6.0,7912.0,62.6,51.0
737.1383778001182,326.2638370059947,True,22.0,7912.0,53.7,50.0
738.7824922001455,326.3971691829485,True,7.0,7912.0,96.18,51.0
739.2374538001604,326.43050222718693,True,7.0,7912.0,96.18,51.0
740.791063599987,326.5305013599023,True,5.0,7912.0,65.29,51.0
743.8700068001635,326.63050049261767,True,88.0,7912.0,73.29,53.0
746.6094002001919,326.7638326695715,True,17.0,7912.0,64.16,51.0
747.8308425999712,326.8971648465253,True,6.0,7912.0,74.89,51.0
749.2436689001042,327.03049702347914,True,17.0,7912.0,58.68,51.0
751.0669228001498,327.1304961561945,True,20.0,7912.0,66.18,51.0
753.2364629001822,327.2638283331483,True,7.0,7912.0,76.65,52.0
755.0735868001357,327.39716051010214,True,16.0,7912.0,91.45,51.0
756.0125168999657,327.5638257312944,True,17.0,7912.0,76.24,51.0
757.5740610000212,327.6304918197713,True,11.0,7912.0,61.03,51.0
759.1120538001414,327.76382399672514,True,6.0,7912.0,75.03,51.0
761.5507175000384,327.8971561736789,True,15.0,7912.0,75.38,51.0
763.547130699968,328.03048835063277,True,14.0,7912.0,69.62,51.0
764.8244233001024,328.13048748334813,True,6.0,7912.0,62.44,51.0
769.0736106000841,328.263819660302,True,10.0,7912.0,94.45,53.0
770.8534918001387,328.39715183725576,True,6.0,7912.0,92.04,51.0
771.0280889000278,328.43048488149424,True,5.0,7912.0,85.83,51.0
772.5775425001048,328.5304840142096,True,14.0,7912.0,62.19,51.0
774.7325202000793,328.630483146925,True,17.0,7912.0,57.51,51.0
776.3838305000681,328.76381532387876,True,5.0,7912.0,98.79,52.0
778.0350175001658,329.0304796777864,True,23.0,7912.0,65.02,51.0
779.6320032000076,329.13047881050176,True,5.0,7912.0,71.4,51.0
781.5770484001841,329.2638109874556,True,7.0,7912.0,80.21,51.0
782.9012770999689,329.6304744740786,True,5.0,7912.0,65.22,51.0
783.0776603000704,329.66380751831707,True,5.0,7912.0,65.22,51.0
784.4133586001117,329.76380665103244,True,4.0,7912.0,75.22,52.0
786.1555856000632,329.8971388279862,True,6.0,7912.0,94.08,52.0
787.0000144001096,330.03047100494007,True,6.0,7912.0,90.64,51.0
788.5345976001117,330.2638023146092,True,29.0,7912.0,73.13,51.0
789.5226052000653,330.39713449156307,True,45.0,7912.0,71.94,53.0
791.193835100159,330.53046666851685,True,59.0,7912.0,64.44,51.0
793.0731667999644,330.6304658012322,True,33.0,7912.0,103.69,53.0
794.1261013001204,330.76379797818606,True,6.0,7912.0,71.44,51.0
795.4957449000794,331.0304623320937,True,4.0,7912.0,72.02,51.0
796.4445537000429,331.13046146480906,True,4.0,7912.0,62.96,51.0
797.5942498999648,331.2637936417629,True,17.0,7912.0,70.42,51.0
798.9295881001744,331.3971258187167,True,5.0,7912.0,65.09,51.0
799.0152989001945,331.43045886295516,True,10.0,7912.0,75.37,52.0
800.0242018001154,331.7637893053397,True,21.0,7912.0,103.46,53.0
801.3460866000969,331.8971214822935,True,7.0,7912.0,72.04,51.0
804.9185821001884,332.0304536592473,True,7.0,7912.0,62.77,51.0
806.262841100106,332.1304527919627,True,4.0,7912.0,64.22,51.0
807.152830200037,332.2637849689165,True,4.0,7912.0,74.21,51.0
808.1299046999775,332.3971171458703,True,76.0,7912.0,72.06,52.0
809.1059599001892,332.53044932282415,True,3.0,7912.0,100.89,52.0
810.6471470000688,332.76378063249336,True,3.0,7912.0,85.61,51.0
811.3449051000644,332.89711280944715,True,3.0,7912.0,73.27,51.0
812.3853222001344,333.030444986401,True,6.0,7912.0,65.96,51.0
813.3485560000408,333.13044411911636,True,3.0,7912.0,67.39,51.0
814.578177700052,333.26377629607015,True,90.0,7912.0,65.93,52.0
815.1873501001392,333.397108473024,True,3.0,7912.0,92.96,52.0
816.026571100112,333.5304406499778,True,26.0,7912.0,106.93,53.0
817.6375557000283,334.13043544627,True,3.0,7912.0,67.81,51.0
818.5286133000627,334.2637676232238,True,32.0,7912.0,78.01,52.0
819.3731782000978,334.3970998001776,True,3.0,7912.0,68.16,51.0
820.1158869999927,334.53043197713146,True,3.0,7912.0,65.39,51.0
821.4658146000002,335.26375895037745,True,12.0,7912.0,75.47,51.0
822.1093493001536,335.39709112733124,True,3.0,7912.0,64.56,51.0
823.5810949001461,335.63042243700045,True,10.0,7912.0,87.92,52.0
824.1570017000195,335.76375461395423,True,3.0,7912.0,102.01,52.0
825.5997019000351,336.2637502775311,True,3.0,7912.0,75.42,51.0
826.2099578999914,336.63041376415407,True,3.0,7912.0,65.64,51.0
827.075675799977,336.8970781180617,True,13.0,7912.0,64.04,51.0
828.6667095001321,337.5304059585924,True,3.0,7912.0,63.05,51.0
829.2873567000497,337.63040509130775,True,4.0,7912.0,63.76,51.0
830.4561181999743,338.39706510879216,True,9.0,7912.0,64.04,51.0
831.1524547999725,338.530397285746,True,3.0,7912.0,89.25,52.0
832.5481696000788,339.03039294932285,True,13.0,7912.0,96.56,51.0
833.3068914001342,339.5303886128996,True,3.0,7912.0,81.35,51.0
834.0300012000371,339.8970520995226,True,22.0,7912.0,69.09,51.0
835.0027694001328,340.06371732071494,True,3.0,7912.0,63.58,51.0
836.8795750001445,340.2637155861456,True,4.0,7912.0,103.02,52.0
837.8489424001891,340.39704776309947,True,6.0,7912.0,80.79,51.0
838.4887702001724,340.5303799400533,True,6.0,7912.0,68.35,51.0
839.1205832001287,340.6303790727687,True,4.0,7912.0,62.51,51.0
840.3461673001293,340.8970434266763,True,5.0,7912.0,64.03,51.0
841.2447761001531,341.0303756036301,True,3.0,7912.0,67.83,51.0
842.3526803001296,341.13037473634546,True,16.0,7912.0,61.85,51.0
843.3064241001848,341.2637069132993,True,3.0,7912.0,98.36,52.0
845.1321649001911,341.3970390902531,True,9.0,7912.0,71.41,51.0
846.2561039000284,341.53037126720693,True,3.0,7912.0,66.07,51.0
847.436851600185,341.7637025768761,True,3.0,7912.0,72.07,51.0
848.029850800056,341.8970347538299,True,20.0,7912.0,63.64,51.0
849.5243806999642,344.1303487178064,True,93.0,7912.0,70.32,52.0
850.1875544001814,344.2636808947602,True,3.0,7912.0,87.46,52.0
851.2911635001656,345.3970043988677,True,3.0,7912.0,102.16,52.0
852.3967141001485,345.63033570853685,True,3.0,7912.0,86.77,51.0
853.013178500114,345.8970000624445,True,5.0,7912.0,73.55,51.0
854.5443484999705,346.2636635490675,True,23.0,7912.0,68.53,52.0
855.2985642000567,346.3969957260213,True,4.0,7912.0,63.63,51.0
856.7302802000195,346.63032703569047,True,14.0,7912.0,62.26,51.0
857.5655799000524,346.7636592126443,True,12.0,7912.0,97.35,52.0
858.5198225001805,346.89699138959816,True,30.0,7912.0,107.76,53.0
859.5097539999988,347.03032356655194,True,30.0,7912.0,85.64,53.0
860.7518362000119,347.39698705317494,True,5.0,7912.0,73.45,51.0
861.9326132000424,347.63031836284415,True,4.0,7912.0,64.92,51.0
862.5413195001893,347.76365053979794,True,11.0,7912.0,96.42,52.0
863.7098515001126,348.03031489370557,True,5.0,7912.0,103.16,52.0
864.3357321000658,348.13031402642093,True,3.0,7912.0,92.52,51.0
865.0109494000208,348.3969783803286,True,6.0,7912.0,79.48,51.0
866.0037569999695,349.4969688401976,True,3.0,7912.0,64.79,51.0
867.0055851000361,352.2636115119893,True,8.0,7912.0,72.97,51.0
868.0893467001151,355.13025331649646,True,10.0,7912.0,69.79,51.0
869.0282934000716,357.5302325016652,True,18.0,7912.0,68.05,51.0
870.3306720000692,358.8968873154418,True,9.0,7912.0,61.85,51.0
871.3072822999675,359.03021949239564,True,4.0,7912.0,99.07,52.0
872.4105585999787,359.5302151559725,True,5.0,7912.0,103.66,52.0
873.2983754000161,359.76354646564164,True,5.0,7912.0,76.86,51.0
874.2064129000064,359.8968786425955,True,5.0,7912.0,67.47,51.0
875.110179600073,360.03021081954927,True,5.0,7912.0,67.09,51.0
876.0428061999846,360.13020995226464,True,18.0,7912.0,68.92,51.0
877.0403996000532,360.7635377927953,True,9.0,7912.0,73.23,51.0
878.0336094000377,362.5301891374334,True,22.0,7912.0,71.73,51.0
880.5522203000728,363.3968482876332,True,94.0,7912.0,78.58,53.0
883.6016491001938,363.53018046458703,True,5.0,7912.0,63.51,51.0
884.5736913001165,363.6301795973024,True,12.0,7912.0,68.27,51.0
885.5550439001527,363.7635117742562,True,16.0,7912.0,69.08,52.0
886.0040464000776,364.46350570326376,True,16.0,7912.0,69.08,52.0
887.1544248000719,365.7634944285635,True,24.0,7912.0,69.46,51.0
888.1904152000789,366.4301553133326,True,7.0,7912.0,72.69,51.0
889.1103763000574,366.7634857557171,True,7.0,7912.0,69.53,51.0
890.7854457001667,367.0301501096248,True,17.0,7912.0,71.7,52.0
891.0468862999696,367.3968135962478,True,20.0,7912.0,75.43,51.0
892.0013607000001,369.03013276393204,True,24.0,7912.0,76.45,51.0
893.0248742999975,369.63012756022425,True,8.0,7912.0,83.64,52.0
894.0168320001103,370.3967875777087,True,9.0,7912.0,103.74,52.0
895.0138264000416,371.39677890486234,True,8.0,7912.0,97.38,51.0
896.0233180001378,374.2634207093694,True,8.0,7912.0,71.97,51.0
897.0115661001764,377.0300633811612,True,7.0,7912.0,70.79,51.0
898.0204468001612,379.7633730087145,True,16.0,7912.0,64.53,51.0
899.0077544001397,382.5300156805062,True,15.0,7912.0,64.72,51.0
900.112835700158,383.6300061403752,True,92.0,7912.0,64.33,52.0
901.4885038000066,384.13000180395204,True,3.0,7912.0,109.17,52.0
902.5172386001796,385.2633253080595,True,7.0,7912.0,100.14,52.0
903.2311080000363,385.52998966196714,True,3.0,7912.0,65.33,51.0
904.0683928001672,386.76331229878997,True,3.0,7912.0,68.74,51.0
905.0231816000305,388.0299679798512,True,8.0,7912.0,80.33,52.0
906.024352400098,391.02994196131215,True,8.0,7912.0,88.54,52.0
907.0007913999725,393.8965837658193,True,7.0,7912.0,90.44,52.0
908.7265664001461,395.1299064026421,True,3.0,7912.0,62.3,51.0
909.3824052000418,395.2632385795959,True,3.0,7912.0,87.5,52.0
910.0280997999944,395.39657075654975,True,17.0,7912.0,103.23,52.0
911.2364771000575,395.6299020662189,True,3.0,7912.0,88.2,51.0
912.4596538001206,395.89656642012653,True,7.0,7912.0,71.27,51.0
913.0842975999694,396.0298985970804,True,3.0,7912.0,60.92,51.0
914.3223930001259,396.26322990674953,True,3.0,7912.0,68.51,51.0
915.0052944000345,396.3965620837034,True,4.0,7912.0,66.74,51.0
916.322785400087,396.6298933933726,True,3.0,7912.0,67.31,51.0
917.1267825001851,396.76322557032637,True,58.0,7912.0,65.05,52.0
918.4023539000191,397.029889924234,True,3.0,7912.0,106.0,52.0
919.1483714000788,397.396553410857,True,4.0,7912.0,98.9,51.0
920.4375744999852,397.6298847205262,True,3.0,7912.0,72.3,51.0
921.0952459000982,397.76321689748,True,4.0,7912.0,62.67,51.0
922.401480200002,398.26321256105683,True,4.0,7912.0,70.16,51.0
923.0390163001139,398.3965447380107,True,14.0,7912.0,63.95,51.0
924.2206222000532,398.62987604767983,True,4.0,7912.0,65.6,51.0
925.1245389999822,399.3965360651643,True,60.0,7912.0,66.39,52.0
926.3380685001612,399.7631995517873,True,3.0,7912.0,105.96,52.0
927.0241555999964,399.89653172874114,True,33.0,7912.0,107.49,53.0
928.0533255999908,400.26319521536414,True,13.0,7912.0,72.05,51.0
929.0144621001091,402.7631735332482,True,9.0,7912.0,75.13,51.0
930.3246210999787,403.1298370198712,True,6.0,7912.0,70.52,51.0
931.0034930000547,404.9964874972247,True,7.0,7912.0,74.92,51.0
932.1267417999916,406.3964753552398,True,82.0,7912.0,66.14,52.0
933.2079305001535,408.26312583259323,True,3.0,7912.0,106.33,52.0
934.309788200073,408.52979018650086,True,3.0,7912.0,103.39,52.0
935.0067485000473,410.3964406638544,True,8.0,7912.0,89.05,52.0
936.1043628000189,412.26309114120784,True,4.0,7912.0,67.31,51.0
937.0265191001818,414.8964016360457,True,8.0,7912.0,72.46,51.0
938.0117661000695,417.76304344055285,True,9.0,7912.0,69.52,51.0
939.0005090001505,420.52968611234456,True,8.0,7912.0,69.06,51.0
940.0023310000543,423.4296609610901,True,17.0,7912.0,67.4,51.0
941.2056255000643,423.62965922652086,True,3.0,7912.0,81.27,52.0
942.033067899989,424.52965142095917,True,12.0,7912.0,105.35,52.0
943.4585909000598,424.89631490758217,True,3.0,7912.0,88.42,51.0
944.2091638999991,425.26297839420516,True,3.0,7912.0,65.54,51.0
945.0472889000084,426.02963841168963,True,13.0,7912.0,66.98,51.0
946.002888499992,427.229628004274,True,3.0,7912.0,62.77,51.0
947.1494913001079,427.76295671208925,True,91.0,7912.0,63.71,52.0
948.1564390000422,427.8962888890431,True,3.0,7912.0,103.11,52.0
949.1548232000787,428.0296210659969,True,3.0,7912.0,102.98,51.0
950.0059338000137,428.1629532429507,True,3.0,7912.0,88.68,51.0
951.0317463001702,428.2629523756661,True,39.0,7912.0,67.25,52.0
952.0179602999706,428.3962845526199,True,3.0,7912.0,69.83,51.0
953.6869646001142,428.6296158622891,True,3.0,7912.0,68.85,51.0
954.5974729000591,428.7629480392429,True,13.0,7912.0,68.6,51.0
955.5308505001012,428.8962802161967,True,38.0,7912.0,76.62,52.0
956.4501086999662,429.02961239315056,True,3.0,7912.0,70.06,51.0
957.3435047999956,429.12961152586587,True,4.0,7912.0,69.82,51.0
958.2427972999867,429.2629437028197,True,3.0,7912.0,69.4,51.0
959.1338890001643,429.39627587977355,True,3.0,7912.0,70.23,51.0
960.0577325001359,429.52960805672734,True,38.0,7912.0,77.66,52.0
961.1352260001004,429.6296071894427,True,7.0,7912.0,67.05,51.0
962.2489049001597,429.76293936639655,True,4.0,7912.0,74.95,51.0
963.1950237001292,429.89627154335034,True,3.0,7912.0,78.76,51.0
964.0087323000189,430.0296037203042,True,4.0,7912.0,75.02,51.0
965.7122222001199,430.26293502997333,True,4.0,7912.0,69.77,51.0
966.4672342999838,430.3962672069272,True,4.0,7912.0,71.48,51.0
967.5297203999944,430.529599383881,True,92.0,7912.0,79.69,53.0
968.4865997000597,430.62959851659633,True,4.0,7912.0,92.75,52.0
969.4919048000593,430.7629306935502,True,4.0,7912.0,102.38,52.0
970.3077418999746,430.896262870504,True,3.0,7912.0,80.3,51.0
971.0015545999631,431.0962611359347,True,3.0,7912.0,69.23,51.0
972.4576175000984,431.262926357127,True,3.0,7912.0,68.21,51.0
973.5300871001091,431.3962585340808,True,6.0,7912.0,66.41,51.0
974.954653599998,431.52959071103464,True,3.0,7912.0,62.12,51.0
975.0036649999674,431.59625679951154,True,3.0,7912.0,62.12,51.0
976.1573883001693,431.7629220207038,True,3.0,7912.0,105.02,52.0
977.6336714001372,432.0295863746114,True,3.0,7912.0,78.18,51.0
978.4973965000827,432.1295855073268,True,3.0,7912.0,71.36,51.0
979.2402865001932,432.26291768428064,True,3.0,7912.0,73.36,51.0
980.0022646000143,432.49624899394985,True,3.0,7912.0,78.49,51.0
981.2283026999794,432.62958117090363,True,4.0,7912.0,75.63,51.0
982.4841023001354,432.89624552481126,True,3.0,7912.0,73.98,51.0
983.1625759999733,433.0295777017651,True,4.0,7912.0,62.35,51.0
984.0025321000721,435.19622557726467,True,7.0,7912.0,70.66,51.0
985.0073081001174,437.8962021605795,True,13.0,7912.0,66.74,51.0
986.1482502000872,439.6295204609791,True,7.0,7912.0,62.52,51.0
987.0306180000771,440.7628439650866,True,6.0,7912.0,74.74,52.0
988.0050199001562,442.2294979115786,True,7.0,7912.0,75.85,51.0
989.1290486999787,442.62949444244003,True,3.0,7912.0,66.36,51.0
990.2410654001869,443.1294901060169,True,3.0,7912.0,69.01,51.0
991.2833613001276,443.52948663687835,True,3.0,7912.0,69.69,51.0
992.014354800107,444.02948230045513,True,3.0,7912.0,72.01,51.0
993.2534791000653,444.52947796403197,True,3.0,7912.0,82.47,52.0
994.5955853001215,444.7628092737012,True,4.0,7912.0,102.87,52.0
995.4336437000893,445.0294736276088,True,5.0,7912.0,92.62,51.0
996.5873298000079,445.26280493727796,True,0.0,7912.0,63.29,51.0
997.214655800024,445.5294692911856,True,3.0,7912.0,64.76,51.0
998.1812277999707,445.62946842390096,True,6.0,7912.0,64.5,51.0
999.2447316001635,445.7628006008548,True,6.0,7912.0,64.77,51.0
1000.5061139001045,445.8961327778086,True,6.0,7912.0,76.95,51.0
1001.4404792001005,446.02946495476243,True,18.0,7912.0,69.43,51.0
1002.7674184001517,446.1294640874778,True,3.0,7912.0,79.25,51.0
1003.2667359001935,446.5294606183393,True,5.0,7912.0,88.79,52.0
1004.1110352000687,446.7627919280084,True,3.0,7912.0,74.71,51.0
1005.280285899993,447.26278759158527,True,3.0,7912.0,69.68,51.0
1006.3768178001046,447.5294519454929,True,3.0,7912.0,69.68,51.0
1007.431566900108,447.76278325516205,True,15.0,7912.0,69.57,52.0
1008.046380400192,447.8961154321159,True,12.0,7912.0,63.15,51.0
1009.3254111001734,448.1294467417851,True,8.0,7912.0,65.29,51.0
1010.6197908001486,448.39611109569273,True,3.0,7912.0,100.6,52.0
1011.2294058001135,448.5294432726465,True,3.0,7912.0,105.24,52.0
1012.6625685000326,448.7627745823157,True,3.0,7912.0,64.36,51.0
1013.3766348999925,448.8961067592695,True,3.0,7912.0,66.8,51.0
1014.2311933999881,449.02943893622336,True,3.0,7912.0,62.32,51.0
1015.0049054000992,449.46276851132325,True,3.0,7912.0,75.49,52.0
1016.3743345001712,449.62943373251557,True,3.0,7912.0,101.07,52.0
1017.0893369000405,449.76276590946935,True,4.0,7912.0,75.15,51.0
1018.592769500101,450.029430263377,True,3.0,7912.0,61.94,51.0
1019.2414518999867,450.2627615730462,True,4.0,7912.0,64.62,51.0
1020.0008631001692,450.4627598384769,True,3.0,7912.0,71.17,51.0
1021.2461478000041,451.02942159053066,True,3.0,7912.0,66.98,51.0
1022.5317524999846,451.2627529001998,True,6.0,7912.0,64.42,51.0
1023.1848282001447,451.52941725410744,True,4.0,7912.0,76.05,51.0
1024.0153401000425,451.6294163868228,True,3.0,7912.0,94.1,51.0
1025.859594100155,451.89608074073044,True,3.0,7912.0,67.76,51.0
1026.6004163001198,452.0294129176843,True,3.0,7912.0,70.17,51.0
1027.3029988000635,452.12941205039965,True,3.0,7912.0,67.57,51.0
1028.0025555000175,453.89606339503774,True,6.0,7912.0,73.92,51.0
1029.0034177000634,456.7960382437833,True,15.0,7912.0,67.71,51.0
1030.302884100005,458.89602003080597,True,6.0,7912.0,62.53,51.0
1031.4393951999955,459.26268351742897,True,4.0,7912.0,99.49,52.0
1032.0749166000169,459.5293478713366,True,3.0,7912.0,100.66,52.0
1033.267138299998,459.76267918100575,True,3.0,7912.0,79.54,51.0
1034.4111976001877,460.0293435349134,True,3.0,7912.0,69.83,51.0
1035.0002143001184,460.2293418003441,True,5.0,7912.0,68.88,51.0
1036.4533635000698,460.6293383312056,True,7.0,7912.0,70.08,51.0
1037.1045727001037,460.76267050815943,True,3.0,7912.0,85.14,52.0
1038.4210272000637,461.02933486206706,True,3.0,7912.0,105.33,52.0
1039.0902500001248,461.1293339947824,True,3.0,7912.0,77.29,51.0
1040.3968170001172,461.39599834869006,True,3.0,7912.0,69.19,51.0
1041.1031186999753,461.52933052564384,True,3.0,7912.0,61.57,51.0
1042.0018484001048,463.9959757992895,True,8.0,7912.0,65.48,51.0
1043.0055379001424,466.7626184710813,True,8.0,7912.0,69.25,51.0
1044.1210032000672,467.7626097982349,True,88.0,7912.0,63.25,52.0
1045.4112243000418,468.02927415214253,True,3.0,7912.0,105.56,52.0
1046.0476196000818,468.1292732848579,True,5.0,7912.0,105.76,53.0
1047.3711310999934,470.5292524700266,True,3.0,7912.0,74.77,51.0
1048.0203090000432,470.8959159566496,True,5.0,7912.0,69.42,51.0
1049.3583527000155,471.39591162022646,True,3.0,7912.0,79.71,52.0
1050.5422505000606,471.62924292989567,True,9.0,7912.0,101.78,52.0
1051.0034388001077,472.76256643400313,True,9.0,7912.0,101.78,52.0
1052.0148205000442,474.12922124777975,True,3.0,7912.0,69.64,51.0
1053.0119966999628,477.0291960965253,True,7.0,7912.0,72.08,51.0
1054.0197627001908,478.5291830872558,True,13.0,7912.0,66.07,51.0
1055.0008302000351,481.36249184752444,True,16.0,7912.0,70.45,51.0
1056.0028509001713,484.19580060779305,True,14.0,7912.0,65.41,51.0
1057.3193434001878,485.89578586395425,True,8.0,7912.0,60.69,51.0
1058.025335600134,487.89576851826155,True,8.0,7912.0,79.92,52.0
1059.0019787000492,490.66241119005326,True,8.0,7912.0,101.71,52.0
1060.3272093001287,493.39572081760656,True,14.0,7912.0,74.52,51.0
1061.2695751001593,494.0290486581372,True,6.0,7912.0,92.96,52.0
1062.2071056000423,494.2623799678064,True,3.0,7912.0,99.94,52.0
1063.0944877001457,494.529044321714,True,3.0,7912.0,76.22,51.0
1064.0611558000091,494.895707808337,True,3.0,7912.0,71.45,51.0
1065.1864536001813,495.76236695853686,True,3.0,7912.0,70.97,51.0
1066.0921124999877,496.0290313124445,True,3.0,7912.0,67.88,51.0
1067.0841946001165,496.3956947990675,True,2.0,7912.0,66.42,51.0
1068.013854800025,496.6290261087367,True,2.0,7912.0,67.46,51.0
1069.3312431001104,498.0290139667518,True,5.0,7912.0,71.6,51.0
1070.214407300111,498.26234527642094,True,3.0,7912.0,66.29,51.0
1071.332488300046,498.5290096303286,True,3.0,7912.0,73.63,51.0
1072.5626590000466,498.7623409399978,True,3.0,7912.0,69.49,51.0
1073.17686350015,498.89567311695157,True,3.0,7912.0,71.85,51.0
1074.4602258000523,499.1290044266208,True,3.0,7912.0,68.23,51.0
1075.0859550000168,499.2623366035746,True,3.0,7912.0,59.86,51.0
1076.4838809000794,499.52900095748225,True,6.0,7912.0,76.32,52.0
1077.1261099001858,499.6290000901976,True,3.0,7912.0,100.56,52.0
1078.4076155000366,499.89566444410525,True,3.0,7912.0,95.88,51.0
1079.0432880001608,500.02899662105904,True,6.0,7912.0,79.58,51.0
1080.3318974000867,500.26232793072825,True,3.0,7912.0,66.36,51.0
1081.0313393999822,500.39566010768203,True,5.0,7912.0,69.93,51.0
1082.2653165000957,500.62899141735124,True,3.0,7912.0,68.07,51.0
1083.0030020000413,500.7956566385435,True,3.0,7912.0,69.63,51.0
1084.7024797999766,501.0289879482127,True,4.0,7912.0,91.98,52.0
1085.535326300189,501.1289870809281,True,21.0,7912.0,105.07,52.0
1087.015774199972,501.3956514348357,True,5.0,7912.0,73.31,51.0
1088.571426199982,501.62898274450487,True,1.0,7912.0,60.5,51.0
1089.4876176000107,501.7623149214587,True,16.0,7912.0,69.11,52.0
1090.524216500111,501.8956470984125,True,3.0,7912.0,66.98,51.0
1091.2083695000038,502.02897927536634,True,3.0,7912.0,62.62,51.0
1092.012856400106,502.1956444965586,True,13.0,7912.0,71.57,52.0
1093.055139800068,502.26231058503555,True,15.0,7912.0,93.51,52.0
1094.0935986000113,502.39564276198934,True,4.0,7912.0,84.45,51.0
1095.560421800008,502.62897407165855,True,13.0,7912.0,66.89,51.0
1096.3901573000476,502.76230624861233,True,4.0,7912.0,64.57,51.0
1097.1073497000616,502.8956384255662,True,4.0,7912.0,61.62,51.0
1098.6815897000488,503.12896973523533,True,4.0,7912.0,92.24,52.0
1099.5047161001712,503.2623019121892,True,4.0,7912.0,102.69,52.0
1101.02393330005,503.39563408914296,True,7.0,7912.0,70.18,51.0
1102.3030483999755,503.62896539881217,True,4.0,7912.0,68.44,51.0
1103.3193302000873,503.76229757576596,True,13.0,7912.0,62.29,51.0
1104.0192772999872,503.8956297527198,True,3.0,7912.0,79.75,52.0
1105.2473465001676,504.128961062389,True,3.0,7912.0,104.72,52.0
1106.443509500008,504.39562541629664,True,6.0,7912.0,76.02,51.0
1107.0718843999784,504.5289575932504,True,3.0,7912.0,63.67,51.0
1108.2728611000348,504.76228890291964,True,3.0,7912.0,66.77,51.0
1109.4721901000012,505.02895325682726,True,6.0,7912.0,64.62,51.0
1110.0834419999737,505.12895238954263,True,3.0,7912.0,60.49,51.0
1111.1200811001472,505.2622845664964,True,95.0,7912.0,67.06,52.0
1112.3185766001698,505.5289489204041,True,2.0,7912.0,109.46,52.0
1113.5595514001325,505.76228023007326,True,2.0,7912.0,79.91,51.0
1114.2131923001725,506.2622758936501,True,2.0,7912.0,63.53,51.0
1115.5357976001687,506.6289393802731,True,7.0,7912.0,68.95,52.0
1116.0325975001324,506.7622715572269,True,12.0,7912.0,66.19,51.0
1117.2406767001376,507.02893591113457,True,3.0,7912.0,63.66,51.0
1118.4845064000692,507.2622672208037,True,5.0,7912.0,66.01,51.0
1119.346169900149,507.39559939775756,True,6.0,7912.0,56.76,51.0
1120.5111372000538,507.6289307074267,True,7.0,7912.0,105.74,52.0
1121.15243440005,507.76226288438056,True,3.0,7912.0,102.58,52.0
1122.380430900026,508.0289272382882,True,3.0,7912.0,75.06,51.0
1123.0011415001936,508.16225941524203,True,5.0,7912.0,68.67,51.0
1124.420973900007,508.3955907249112,True,3.0,7912.0,66.72,51.0
1125.0944174001925,508.52892290186503,True,2.0,7912.0,64.45,51.0
1126.3764895000495,508.7622542115342,True,4.0,7912.0,67.0,51.0
1127.188666100148,508.895586388488,True,3.0,7912.0,60.85,51.0
1128.5191477001645,509.1289176981572,True,4.0,7912.0,71.1,51.0
1129.4150359001942,509.52891422901865,True,3.0,7912.0,83.63,52.0
1130.2406123001128,509.628913361734,True,3.0,7912.0,103.36,52.0
1131.0077726000454,509.89557771564165,True,3.0,7912.0,99.01,52.0
1132.0405004001223,510.3955733792185,True,3.0,7912.0,67.89,51.0
1133.3731444000732,510.62890468888764,True,3.0,7912.0,71.63,51.0
1134.0023803999647,511.0289012197491,True,8.0,7912.0,74.54,51.0
1135.543653300032,511.3955647063721,True,26.0,7912.0,69.6,52.0
1136.0948908000719,511.52889688332596,True,3.0,7912.0,67.86,51.0
1137.107268200023,511.7622281929951,True,3.0,7912.0,71.62,52.0
1138.0004487000406,511.9955595026643,True,3.0,7912.0,70.16,51.0
1139.7459659001324,512.1288916796182,True,9.0,7912.0,58.01,51.0
1140.476498800097,512.262223856572,True,3.0,7912.0,62.8,51.0
1141.3341930001043,512.3955560335257,True,3.0,7912.0,66.48,51.0
1142.3391625999939,513.2622151837256,True,3.0,7912.0,68.03,51.0
1143.5241755000316,514.1288743339254,True,3.0,7912.0,65.35,51.0
1144.291396500077,514.395538687833,True,3.0,7912.0,79.74,52.0
1145.0879842001013,514.5288708647869,True,3.0,7912.0,95.49,53.0
1146.5805387999862,514.8955343514099,True,3.0,7912.0,65.12,53.0
1147.3444417000283,515.0288665283637,True,4.0,7912.0,62.98,51.0
1148.1731072000694,515.1288656610791,True,3.0,7912.0,60.81,51.0
1149.119082200108,515.3955300149867,True,35.0,7912.0,60.76,52.0
1150.9009706000797,515.6288613246559,True,3.0,7912.0,100.21,52.0
1151.8502659001388,515.7621935016097,True,3.0,7912.0,83.64,51.0
1152.8256696001627,515.8955256785634,True,3.0,7912.0,67.57,51.0
1153.7349400001112,516.0288578555173,True,3.0,7912.0,66.21,51.0
1154.7566084000282,516.1288569882327,True,3.0,7912.0,65.21,51.0
1155.5232526001055,516.2621891651866,True,3.0,7912.0,75.56,52.0
1156.3663960001431,516.3955213421403,True,3.0,7912.0,89.17,52.0
1157.3853931999765,516.5288535190941,True,3.0,7912.0,81.6,51.0
1158.166317100171,516.6288526518096,True,3.0,7912.0,69.5,51.0
1159.6838138999883,516.8955170057171,True,3.0,7912.0,62.47,51.0
1160.4049806999974,517.0288491826709,True,3.0,7912.0,62.81,51.0
1161.2093980000354,517.1288483153863,True,3.0,7912.0,61.28,51.0
1162.003205400193,517.4955118020093,True,3.0,7912.0,74.03,52.0
1163.4887178000063,517.6288439789631,True,3.0,7912.0,104.17,52.0
1164.1332650000695,517.8955083328708,True,3.0,7912.0,71.85,51.0
1165.0197385000065,518.8954996600244,True,3.0,7912.0,72.19,51.0
1166.2261521001346,519.3954953236013,True,3.0,7912.0,65.79,51.0
1167.0052528001834,519.8288248987011,True,4.0,7912.0,70.87,51.0
1168.5429915999994,520.5288188277087,True,4.0,7912.0,69.31,51.0
1169.1375676000025,520.628817960424,True,3.0,7912.0,78.43,51.0
1170.5528522001114,521.0288144912855,True,13.0,7912.0,92.2,52.0
1171.2847943999805,521.7621414645315,True,3.0,7912.0,77.81,51.0
1172.3088601001073,523.3954606322158,True,4.0,7912.0,70.9,51.0
1173.5520405001007,523.8954562957927,True,15.0,7912.0,68.67,51.0
1174.1970734000206,524.2621197824157,True,3.0,7912.0,65.93,51.0
1175.0170546001755,525.6287745961922,True,7.0,7912.0,73.39,51.0
1176.0260754001793,528.5287494449378,True,8.0,7912.0,72.21,51.0
1177.0013179001398,531.2953921167295,True,17.0,7912.0,67.99,51.0
1178.009165900061,534.1287008769982,True,17.0,7912.0,68.74,51.0
1179.0006367000751,536.9620096372669,True,15.0,7912.0,68.62,51.0
1180.0145249001216,539.7619853532971,True,19.0,7912.0,68.85,51.0
1181.2407156999689,540.7619766804507,True,3.0,7912.0,78.6,52.0
1182.2422311000992,541.3953045209813,True,3.0,7912.0,105.82,52.0
1183.097080900101,541.7619680076043,True,3.0,7912.0,97.25,52.0
1184.049031100003,542.1286314942273,True,3.0,7912.0,81.01,52.0
1185.0014555000234,542.695293246281,True,27.0,7912.0,76.46,51.0
1186.0114933000877,543.5286193522425,True,20.0,7912.0,76.53,51.0
1187.1416585000698,545.3952698295959,True,8.0,7912.0,70.08,52.0
1188.3089571001474,545.8952654931727,True,3.0,7912.0,93.94,52.0
1189.1560476000886,546.1285968028419,True,3.0,7912.0,87.65,51.0
1190.4553698000964,546.3952611567496,True,4.0,7912.0,74.33,51.0
1191.3130322999787,546.5285933337034,True,3.0,7912.0,67.31,51.0
1192.0462583000772,546.6285924664187,True,23.0,7912.0,76.46,52.0
1193.7506763001438,546.8952568203264,True,5.0,7912.0,68.26,51.0
1194.3589195001405,547.0285889972802,True,4.0,7912.0,71.09,51.0
1195.0442443001084,547.1285881299956,True,7.0,7912.0,73.04,51.0
1196.467427500058,547.2619203069494,True,12.0,7912.0,66.12,51.0
1197.4078758000396,547.3952524839032,True,0.0,7912.0,87.51,52.0
1198.6372313001193,547.5285846608571,True,5.0,7912.0,91.78,52.0
1200.0718098999932,547.6285837935724,True,14.0,7912.0,68.11,52.0
1201.12028630008,547.7619159705262,True,92.0,7912.0,75.44,53.0
1202.1384843999986,548.0285803244338,True,3.0,7912.0,104.84,52.0
1203.6576188001782,548.1285794571492,True,20.0,7912.0,82.19,52.0
1204.323614400113,548.2619116341031,True,4.0,7912.0,69.96,51.0
1205.0221337999683,548.3952438110568,True,8.0,7912.0,74.09,51.0
1206.0345227001235,548.5285759880106,True,31.0,7912.0,68.67,52.0
1207.9245327000972,548.7619072976798,True,9.0,7912.0,68.01,51.0
1208.11179370014,548.7952403419183,True,9.0,7912.0,68.01,51.0
1209.3771308001596,549.1285707843028,True,3.0,7912.0,79.8,52.0
1210.6203477000818,549.3952351382105,True,2.0,7912.0,100.25,51.0
1211.2725331000984,549.6285664478796,True,8.0,7912.0,87.35,51.0
1212.0585425000172,549.7618986248335,True,8.0,7912.0,68.75,52.0
1213.5874106001575,549.8952308017873,True,17.0,7912.0,64.68,52.0
1215.0344249000773,550.0285629787411,True,16.0,7912.0,72.51,52.0
1216.78579120012,550.1285621114565,True,17.0,7912.0,60.61,52.0
1217.5029027999844,550.2618942884103,True,4.0,7912.0,84.67,52.0
1218.2584802000783,550.3952264653641,True,3.0,7912.0,103.88,52.0
1219.1691424001474,551.4618838809947,True,5.0,7912.0,92.95,51.0
1220.1069169000257,552.2618769427175,True,7.0,7912.0,72.05,51.0
1221.1882671001367,552.5285412966252,True,10.0,7912.0,64.65,51.0
1222.4973906001542,552.7618726062944,True,4.0,7912.0,79.72,52.0
1224.5112324999645,553.028536960202,True,7.0,7912.0,89.85,51.0
1225.0376381999813,553.6285317564942,True,8.0,7912.0,78.14,52.0
1226.003866800107,555.0618526587477,True,6.0,7912.0,72.01,51.0
1228.1457808001433,556.1285100743784,True,13.0,7912.0,75.47,52.0
1229.7096476000734,556.2618422513322,True,6.0,7912.0,100.84,52.0
1231.0531039000489,556.3951744282859,True,6.0,7912.0,82.5,51.0
1232.4019761001691,556.7618379149089,True,3.0,7912.0,74.48,51.0
1233.7515400000848,557.0285022688166,True,4.0,7912.0,64.28,51.0
1234.4668438001536,557.1285014015319,True,3.0,7912.0,73.24,51.0
1235.2043775999919,557.2618335784858,True,3.0,7912.0,65.57,51.0
1236.4224078999832,557.5284979323934,True,7.0,7912.0,76.75,51.0
1237.0790913000237,557.6284970651088,True,4.0,7912.0,63.55,53.0
1238.3071675000247,557.8951614190164,True,3.0,7912.0,75.04,51.0
1239.3489092001691,558.1284927286856,True,13.0,7912.0,83.19,52.0
1240.2387499001343,558.3951570825933,True,3.0,7912.0,106.1,52.0
1241.0908146000002,558.6284883922624,True,3.0,7912.0,96.14,53.0
1242.002947699977,558.961818834647,True,3.0,7912.0,79.53,52.0
1243.428220700007,559.2618162327931,True,26.0,7912.0,73.65,51.0
1244.1253025000915,559.3951484097469,True,3.0,7912.0,62.16,52.0
1245.117292500101,559.6284797194161,True,3.0,7912.0,69.33,51.0
1246.5419918000698,559.8951440733238,True,3.0,7912.0,68.2,51.0
1247.1296577001922,560.0284762502775,True,3.0,7912.0,96.7,52.0
1248.416295300005,560.2618075599468,True,3.0,7912.0,103.63,52.0
1249.0027741000522,560.3951397369005,True,10.0,7912.0,99.23,52.0
1250.0698859000113,560.6284710465698,True,5.0,7912.0,71.68,52.0
1251.0267358000856,560.8951354004773,True,5.0,7912.0,69.99,51.0
1252.8380273000803,561.2617988871003,True,5.0,7912.0,68.08,51.0
1253.8734975000843,561.3951310640542,True,5.0,7912.0,65.2,51.0
1256.034256500192,561.528463241008,True,22.0,7912.0,69.67,52.0
1257.0083902000915,561.7617945506772,True,12.0,7912.0,79.18,52.0
1258.315469400026,561.895126727631,True,5.0,7912.0,68.68,51.0
1259.517925400054,562.0284589045848,True,8.0,7912.0,84.16,52.0
1261.878135100007,562.1284580373002,True,8.0,7912.0,92.15,52.0
1262.017383800121,562.1617910815386,True,7.0,7912.0,79.97,52.0
1263.1465609001461,562.3951223912078,True,7.0,7912.0,66.18,51.0
1264.0859924000688,562.9617841432615,True,11.0,7912.0,72.59,52.0
1265.147143600043,563.5617789395537,True,7.0,7912.0,72.84,51.0
1267.6365012000315,563.6284450280307,True,16.0,7912.0,72.06,52.0
1268.0944449000526,564.1284406916075,True,11.0,7912.0,88.7,52.0
1269.5697596999817,564.5284372224689,True,6.0,7912.0,101.89,53.0
1271.3327697999775,564.7617685321381,True,6.0,7912.0,60.29,51.0
1272.0071093000006,565.5284285496225,True,8.0,7912.0,67.94,52.0
1273.7451872001402,565.6284276823379,True,27.0,7912.0,52.64,51.0
1274.0324180000462,565.6617607265764,True,5.0,7912.0,81.26,52.0
1275.4611498999875,565.8950920362455,True,5.0,7912.0,99.46,52.0
1277.7156460999977,566.0284242131994,True,18.0,7912.0,64.28,52.0
1278.0539162000641,566.2617555228686,True,8.0,7912.0,70.08,51.0
1279.0390958001371,567.4950781596914,True,15.0,7912.0,67.9,51.0
1280.0176789001562,568.1284060002221,True,18.0,7912.0,65.74,52.0
1281.064379000105,569.3950616812833,True,6.0,7912.0,76.73,52.0
1282.082621900132,570.0283895218139,True,9.0,7912.0,70.88,52.0
1283.060936300084,571.0283808489676,True,25.0,7912.0,73.06,52.0
1284.0174755000044,572.2617034857905,True,7.0,7912.0,77.58,52.0
1285.0418307001237,573.0950295917518,True,21.0,7912.0,71.09,52.0
1287.1954332999885,573.3950269898978,True,54.0,7912.0,66.9,52.0
1289.2056752999779,573.5283591668517,True,52.0,7912.0,71.52,52.0
1290.7521655000746,573.628358299567,True,0.0,7912.0,96.76,52.0
1291.9907031001057,573.8950226534747,True,6.0,7912.0,85.0,51.0
1292.0641022000927,573.9283556977132,True,6.0,7912.0,70.05,52.0
1293.561444699997,574.1283539631439,True,22.0,7912.0,67.88,52.0
1294.0010009000544,574.4616844055284,True,22.0,7912.0,67.88,52.0
1295.38144310005,574.6283496267207,True,6.0,7912.0,61.5,51.0
1296.954119300004,574.7616818036745,True,23.0,7912.0,61.82,51.0
1297.075407100143,574.795014847913,True,5.0,7912.0,79.1,52.0
1298.3580599999987,574.8950139806283,True,5.0,7912.0,99.36,52.0
1299.4895236000884,575.0283461575822,True,6.0,7912.0,91.28,51.0
1300.9419673001394,575.3950096442052,True,6.0,7912.0,63.56,51.0
1301.0050725999754,575.4283426884436,True,6.0,7912.0,63.56,51.0
1302.285517500015,575.528341821159,True,6.0,7912.0,59.66,51.0
1303.0728645999916,576.0283374847357,True,11.0,7912.0,69.73,51.0
1305.3143166000955,576.3950009713587,True,17.0,7912.0,62.55,52.0
1307.0024104001932,576.7616644579817,True,7.0,7912.0,97.48,52.0
1308.4383136001416,576.8949966349356,True,6.0,7912.0,67.24,51.0
1310.0846396000125,577.5283244754662,True,13.0,7912.0,66.89,52.0
1311.971946500009,577.8949879620892,True,3.0,7912.0,61.66,51.0
1312.007011000067,577.9283210063277,True,3.0,7912.0,61.66,51.0
1313.5135417000856,578.3949836256661,True,3.0,7912.0,88.92,52.0
1314.2875922000967,578.5283158026199,True,3.0,7912.0,78.39,51.0
1315.0316640001256,578.6283149353353,True,3.0,7912.0,67.05,51.0
1316.4791057000402,578.8949792892429,True,2.0,7912.0,64.24,51.0
1317.192022100091,579.0283114661967,True,3.0,7912.0,60.91,51.0
1318.6705459000077,579.2616427758659,True,91.0,7912.0,69.19,52.0
1319.373970300192,579.3949749528197,True,3.0,7912.0,82.65,52.0
1320.1334635000676,580.0283027933503,True,8.0,7912.0,101.73,52.0
1321.1836814000271,580.1283019260657,True,3.0,7912.0,78.47,51.0
1322.6348183001392,580.3949662799733,True,13.0,7912.0,64.53,51.0
1324.0715737000573,580.5282984569271,True,27.0,7912.0,70.4,52.0
1325.3081210001837,580.6282975896426,True,2.0,7912.0,68.61,51.0
1326.208893300034,580.7616297665963,True,10.0,7912.0,65.89,51.0
1327.629590400029,581.028294120504,True,10.0,7912.0,101.05,52.0
1328.341899299994,581.1282932532193,True,3.0,7912.0,98.86,52.0
1329.081076100003,581.2616254301731,True,25.0,7912.0,72.45,53.0
1330.5322879999876,581.6282889167961,True,3.0,7912.0,67.54,51.0
1331.4645403001923,581.76162109375,True,3.0,7912.0,58.92,51.0
1332.2701149000786,581.8949532707038,True,3.0,7912.0,61.97,51.0
1333.3379037000705,582.128284580373,True,5.0,7912.0,56.99,51.0
1334.120901199989,582.5282811112345,True,11.0,7912.0,87.09,52.0
1335.0313510000706,582.8949445978575,True,3.0,7912.0,85.94,52.0
1336.0203966000117,583.5282724383881,True,3.0,7912.0,75.35,51.0
1337.711711900076,584.1282672346803,True,60.0,7912.0,65.43,52.0
1339.0402945000678,584.761595075211,True,3.0,7912.0,101.46,52.0
1340.4646032000892,585.128258561834,True,3.0,7912.0,88.0,51.0
1341.1039842001628,585.2615907387877,True,23.0,7912.0,70.68,52.0
1342.7471132001374,585.6282542254107,True,3.0,7912.0,61.55,51.0
1343.5005996001419,586.0282507562722,True,3.0,7912.0,62.31,51.0
1344.220076299971,586.528246419849,True,4.0,7912.0,62.92,51.0
1345.1363886999898,586.894909906472,True,91.0,7912.0,71.8,53.0
1346.1585419999901,587.1282412161412,True,3.0,7912.0,107.95,52.0
1347.0011208001524,589.4282212685946,True,8.0,7912.0,108.12,53.0
1348.3349987000693,589.7615517109791,True,3.0,7912.0,66.24,51.0
1349.2913128000218,591.6282021883326,True,5.0,7912.0,71.61,51.0
1350.040364000015,592.76152569244,True,7.0,7912.0,71.52,52.0
1351.4117976000998,593.3948535329707,True,3.0,7912.0,71.47,51.0
1352.3046638001688,593.7615170195937,True,3.0,7912.0,99.22,52.0
1353.5216335000005,594.6281761697935,True,4.0,7912.0,107.17,52.0
1354.167193399975,594.8948405237012,True,7.0,7912.0,78.96,51.0
1355.0768532999791,595.5281683642318,True,35.0,7912.0,78.71,53.0
1356.0719467001036,595.761499673901,True,26.0,7912.0,72.44,53.0
1357.241650500102,596.2614953374778,True,3.0,7912.0,68.56,51.0
1358.4569920001086,596.5281596913854,True,3.0,7912.0,66.82,51.0
1359.035303400131,596.6281588241008,True,6.0,7912.0,66.34,51.0
1360.3110895999707,596.8948231780084,True,8.0,7912.0,64.44,51.0
1361.4013525000773,597.1281544876776,True,3.0,7912.0,103.62,52.0
1362.4805432001594,597.3948188415852,True,3.0,7912.0,106.34,52.0
1363.0980968000367,597.6281501512544,True,23.0,7912.0,73.55,52.0
1364.4155415999703,597.8948145051621,True,3.0,7912.0,72.14,51.0
1365.0297381000128,598.0281466821159,True,5.0,7912.0,73.41,51.0
1366.506986600114,598.7614736553619,True,8.0,7912.0,63.69,51.0
1367.0971903000027,598.8948058323157,True,19.0,7912.0,99.17,53.0
1368.0020894000772,599.2948023631772,True,3.0,7912.0,101.88,52.0
1369.0295537000056,599.5281336728464,True,20.0,7912.0,104.4,52.0
1370.1681919000112,599.7614649825156,True,5.0,7912.0,73.84,51.0
1371.2690650001168,600.0281293364231,True,3.0,7912.0,77.79,51.0
1372.6402481000405,600.528125,True,6.0,7912.0,63.07,51.0
1373.4366518000606,600.6281241327154,True,3.0,7912.0,61.53,51.0
1374.0199714000337,600.7614563096691,True,5.0,7912.0,71.08,51.0
1375.823537999997,601.1281197962921,True,25.0,7912.0,63.29,51.0
1377.3065724000335,601.261451973246,True,0.0,7912.0,97.49,52.0
1378.4747021000367,601.3947841501998,True,6.0,7912.0,72.0,52.0
1379.0436362000182,601.5281163271536,True,6.0,7912.0,72.0,52.0
1380.5193529000971,602.0281119907305,True,3.0,7912.0,64.36,51.0
1381.2771797000896,602.1281111234458,True,29.0,7912.0,59.38,51.0
1382.0937783999834,602.6281067870226,True,19.0,7912.0,104.02,53.0
1383.5588223000523,602.8947711409303,True,3.0,7912.0,101.04,52.0
1384.3489620001055,603.0281033178841,True,3.0,7912.0,70.09,51.0
1385.2556106999982,603.1281024505995,True,16.0,7912.0,65.74,52.0
1386.7102689000312,603.2614346275533,True,44.0,7912.0,59.36,52.0
1388.0651007001288,603.3947668045071,True,5.0,7912.0,102.68,52.0
1389.3978821001947,603.528098981461,True,5.0,7912.0,82.43,51.0
1391.7998844000977,603.6280981141763,True,14.0,7912.0,72.28,53.0
1392.9091227001045,603.7614302911301,True,2.0,7912.0,101.22,52.0
1393.9093190999702,603.894762468084,True,2.0,7912.0,95.83,51.0
1394.7084308001213,604.0280946450378,True,3.0,7912.0,70.8,51.0
1395.4849213999696,604.1280937777531,True,3.0,7912.0,63.73,51.0
1396.0050107000861,605.294750326099,True,5.0,7912.0,69.11,51.0
1397.472907599993,606.394740785968,True,5.0,7912.0,87.21,52.0
1398.2139188,606.8947364495449,True,3.0,7912.0,102.42,52.0
1399.3418958999682,607.3947321131217,True,3.0,7912.0,88.21,51.0
1400.1148584000766,608.0280599536524,True,14.0,7912.0,68.44,51.0
1401.0238815001212,610.6280374042518,True,7.0,7912.0,69.74,52.0
1402.0373258001637,611.6280287314054,True,14.0,7912.0,72.66,52.0
1403.1069230001885,612.1280243949823,True,92.0,7912.0,74.28,53.0
1404.0015144001227,612.4946878816053,True,14.0,7912.0,93.73,53.0
1405.112934099976,612.6280200585591,True,28.0,7912.0,100.44,53.0
1406.2294440001715,612.8946844124667,True,4.0,7912.0,76.36,51.0
1407.2238670000806,613.1280157221358,True,3.0,7912.0,69.39,51.0
1408.3250107001513,613.5280122529973,True,3.0,7912.0,68.01,51.0
1409.4413600000553,613.7613435626665,True,2.0,7912.0,67.49,51.0
1410.371246300172,613.8946757396203,True,4.0,7912.0,67.29,51.0
1411.5355895000976,614.1280070492895,True,4.0,7912.0,67.85,51.0
1412.0966394999996,614.2613392262433,True,23.0,7912.0,99.44,53.0
1413.3003217000514,614.528003580151,True,3.0,7912.0,101.81,52.0
1414.5253600999713,614.7613348898202,True,4.0,7912.0,83.37,52.0
1415.1071049000602,614.894667066774,True,21.0,7912.0,70.1,53.0
1416.278485200135,615.1279983764432,True,3.0,7912.0,67.06,51.0
1417.3993258001283,615.5279949073046,True,3.0,7912.0,68.34,51.0
1418.4234305000864,615.7613262169738,True,3.0,7912.0,66.86,51.0
1419.407757300185,616.0279905708815,True,4.0,7912.0,66.4,51.0
1420.0042354001198,616.361321013266,True,6.0,7912.0,67.79,51.0
1421.1448284999933,616.5279862344582,True,3.0,7912.0,85.51,52.0
1422.1832271001767,616.8946497210812,True,3.0,7912.0,106.38,52.0
1423.2689912000205,617.2613132077042,True,3.0,7912.0,88.11,51.0
1424.4490702999756,617.6279766943272,True,3.0,7912.0,71.12,51.0
1425.1188546000049,617.7613088712811,True,23.0,7912.0,71.13,52.0
1426.1074147999752,618.1279723579041,True,21.0,7912.0,70.89,53.0
1427.0267998001073,618.6279680214809,True,17.0,7912.0,69.68,52.0
1428.0434893001802,619.0279645523424,True,15.0,7912.0,78.78,52.0
1429.513609000016,619.3946280389654,True,3.0,7912.0,74.63,51.0
1430.2967167000752,620.1279550122114,True,3.0,7912.0,79.15,52.0
1431.0135717999656,622.1279376665186,True,9.0,7912.0,91.29,52.0
1432.2895611000713,623.2612611706261,True,3.0,7912.0,72.46,51.0
1433.1267979000695,624.3945846747336,True,13.0,7912.0,70.63,51.0
1434.2449305001646,624.8945803383103,True,4.0,7912.0,69.1,51.0
1435.2146754001733,625.1279116479795,True,4.0,7912.0,69.51,51.0
1436.4381820000708,627.2612264792407,True,4.0,7912.0,72.77,51.0
1437.3087149001658,628.0278864967252,True,3.0,7912.0,65.04,51.0
1438.4024786001537,628.2612178063944,True,3.0,7912.0,95.23,52.0
1439.514813200105,628.3945499833482,True,4.0,7912.0,97.85,52.0
1440.3371935000177,628.5278821603019,True,2.0,7912.0,78.4,51.0
1441.433625600068,628.8945456469249,True,6.0,7912.0,73.72,52.0
1442.0367403000128,629.5278734874556,True,6.0,7912.0,76.26,52.0
1443.2728974001948,629.8945369740786,True,6.0,7912.0,66.34,51.0
1444.2579819001257,630.1278682837478,True,3.0,7912.0,69.38,51.0
1445.1761001001578,630.3945326376554,True,3.0,7912.0,67.51,51.0
1446.0051508999895,630.6278639473246,True,15.0,7912.0,71.31,52.0
1447.0402636001818,631.1278596109014,True,7.0,7912.0,72.75,52.0
1448.2923409000505,631.2611917878552,True,44.0,7912.0,59.15,51.0
1450.2801296000835,631.3945239648091,True,5.0,7912.0,98.51,52.0
1451.9359486000612,632.1278509380551,True,6.0,7912.0,68.29,51.0
1452.0017089999747,632.1611839822936,True,6.0,7912.0,68.29,51.0
1455.087890899973,632.5278474689165,True,23.0,7912.0,82.74,53.0
1456.430838300148,632.6278466016319,True,6.0,7912.0,103.49,52.0
1457.2605014999863,632.7611787785856,True,6.0,7912.0,94.75,52.0
1458.468769100029,632.8945109555395,True,6.0,7912.0,72.86,52.0
1459.706428000005,633.0278431324933,True,0.0,7912.0,58.33,51.0
1461.204711599974,633.1278422652088,True,17.0,7912.0,62.8,52.0
1462.5577961001545,633.5278387960701,True,18.0,7912.0,105.28,53.0
1463.8850577999838,633.6278379287855,True,7.0,7912.0,85.71,52.0
1464.025403900072,633.8945022826931,True,7.0,7912.0,85.71,52.0
1465.084152800031,634.027834459647,True,29.0,7912.0,67.75,53.0
1466.0040035001002,635.2278240522313,True,8.0,7912.0,70.66,52.0
1468.0558263000567,635.5278214503775,True,12.0,7912.0,76.11,52.0
1469.0021184000652,636.3278145121003,True,9.0,7912.0,104.18,52.0
1470.5266663001385,638.2611310779307,True,3.0,7912.0,77.28,51.0
1471.1852490999736,638.3944632548845,True,4.0,7912.0,61.36,51.0
1472.708353199996,638.6277945645537,True,72.0,7912.0,63.48,52.0
1473.4250285001472,638.7611267415075,True,3.0,7912.0,84.74,52.0
1474.1111425000709,638.8944589184614,True,13.0,7912.0,102.13,53.0
1475.0092355001252,639.6277858917074,True,3.0,7912.0,98.81,52.0
1476.3522053000052,639.894450245615,True,4.0,7912.0,65.52,51.0
1477.0609452000353,640.0277824225689,True,3.0,7912.0,67.29,51.0
1478.0177784999833,640.261113732238,True,3.0,7912.0,60.23,51.0
1480.1356276001316,641.7611007229684,True,92.0,7912.0,63.25,53.0
1482.2403149001766,641.8944328999223,True,6.0,7912.0,93.31,52.0
1483.8019218000118,642.0277650768761,True,7.0,7912.0,62.9,51.0
1485.194967100164,642.1277642095914,True,7.0,7912.0,64.35,51.0
1486.326453300193,642.2610963865453,True,3.0,7912.0,95.66,52.0
1487.0202850999776,642.3944285634991,True,3.0,7912.0,100.96,52.0
1488.0176214000676,642.7610920501221,True,7.0,7912.0,72.64,52.0
1489.019259700086,643.8944155542296,True,8.0,7912.0,69.53,52.0
1490.659195800079,644.1277468638988,True,4.0,7912.0,56.55,51.0
1491.5044590001926,644.2610790408526,True,4.0,7912.0,60.67,51.0
1492.3858800001908,644.8944068813832,True,3.0,7912.0,93.83,52.0
1493.0837445000652,645.027739058337,True,3.0,7912.0,102.1,52.0
1494.6249194000848,645.5277347219138,True,12.0,7912.0,66.92,51.0
1495.3600694001652,645.6277338546292,True,3.0,7912.0,62.73,51.0
1496.0908538000658,645.8943982085368,True,25.0,7912.0,66.42,52.0
1497.5768779001664,646.5277260490675,True,27.0,7912.0,67.52,53.0
1498.7495671000797,647.1277208453597,True,14.0,7912.0,66.19,51.0
1499.020152800018,647.3943851992673,True,14.0,7912.0,66.19,51.0
1500.0058935000561,649.127703499667,True,7.0,7912.0,94.76,52.0
1501.7614406000357,650.5276913576821,True,6.0,7912.0,68.97,52.0
1502.276482500136,650.6276904903974,True,7.0,7912.0,67.94,52.0
1503.7087526000105,651.0276870212589,True,17.0,7912.0,69.69,53.0
1504.7588898001704,651.1276861539742,True,5.0,7912.0,102.1,52.0
1506.1299517999869,651.2610183309281,True,14.0,7912.0,70.38,51.0
1508.0238648001105,651.5276826848357,True,7.0,7912.0,66.67,52.0
1509.8853011999745,651.6276818175511,True,1.0,7912.0,55.05,51.0
1511.7284536000807,651.7610139945049,True,5.0,7912.0,98.37,53.0
1512.0083127999678,651.8276800829818,True,5.0,7912.0,98.37,53.0
1513.193222100148,651.8943461714587,True,7.0,7912.0,65.53,52.0
1514.0635032001883,652.0276783484126,True,5.0,7912.0,66.3,51.0
1515.00726520014,652.1276774811279,True,5.0,7912.0,64.15,51.0
1516.0060397000052,652.2943427023201,True,5.0,7912.0,63.62,51.0
1517.3682876001112,652.5276740119893,True,3.0,7912.0,61.68,51.0
1518.2353141000494,652.8943374986123,True,40.0,7912.0,60.89,52.0
1519.0027817999944,653.3610001179507,True,3.0,7912.0,79.11,52.0
1520.2550013000146,653.527665339143,True,3.0,7912.0,99.4,52.0
1521.5699383001775,653.894328825766,True,5.0,7912.0,72.51,52.0
1522.404665300157,654.0276610027198,True,4.0,7912.0,61.63,51.0
1523.0352162001655,654.1276601354351,True,3.0,7912.0,69.94,51.0
1524.004887000192,656.7276375860347,True,10.0,7912.0,68.7,51.0
1525.034870600095,657.8942941343805,True,3.0,7912.0,66.83,51.0
1526.1863623000681,659.6276124347802,True,4.0,7912.0,82.55,52.0
